Workbook

Sheet Analytical Overview
B1: Analytical Overview — Gender Bias in Machine Translation and Generative AI
B2: Indonesian → English · 128 occupational propositions · Phase 1 (26 May 2023) vs Phase 2 (28 August 2026) · Every figure is a live formula over the Overall sheet
B3: Coding rule — Masculine: Both clauses render he/his · Feminine: Both render she/her · Split-gender: The clauses differ, i.e. competence and carelessness receive different genders.
B6: 1. GENDER ASSIGNMENT DISTRIBUTION BY PLATFORM AND PHASE
B7: Platform | C7: Phase | D7: Masculine | E7: % | F7: Feminine | G7: % | H7: Split-gender | I7: % | J7: Coded | L7: N =
B8: Bing Translator | C8: 2023 | D8: =COUNTA(Overall!$D$5:$D$132) -> 119 | E8: =COUNTA(Overall!$D$5:$D$132)/$L$8 -> 0.9296875 | F8: =COUNTA(Overall!$E$5:$E$132) -> 4 | G8: =COUNTA(Overall!$E$5:$E$132)/$L$8 -> 0.03125 | H8: =COUNTA(Overall!$F$5:$F$132) -> 5 | I8: =COUNTA(Overall!$F$5:$F$132)/$L$8 -> 0.0390625 | J8: =COUNTA(Overall!$D$5:$D$132)+COUNTA(Overall!$E$5:$E$132)+COUNTA(Overall!$F$5:$F$132) -> 128 | L8: =COUNT(Overall!$B$5:$B$132) -> 128
B9: Bing Translator | C9: 2026 | D9: =COUNTA(Overall!$G$5:$G$132) -> 126 | E9: =COUNTA(Overall!$G$5:$G$132)/$L$8 -> 0.984375 | F9: =COUNTA(Overall!$H$5:$H$132) -> 2 | G9: =COUNTA(Overall!$H$5:$H$132)/$L$8 -> 0.015625 | H9: =COUNTA(Overall!$I$5:$I$132) -> 0 | I9: =COUNTA(Overall!$I$5:$I$132)/$L$8 -> 0 | J9: =COUNTA(Overall!$G$5:$G$132)+COUNTA(Overall!$H$5:$H$132)+COUNTA(Overall!$I$5:$I$132) -> 128
B10: Google Translate | C10: 2023 | D10: =COUNTA(Overall!$J$5:$J$132) -> 120 | E10: =COUNTA(Overall!$J$5:$J$132)/$L$8 -> 0.9375 | F10: =COUNTA(Overall!$K$5:$K$132) -> 5 | G10: =COUNTA(Overall!$K$5:$K$132)/$L$8 -> 0.0390625 | H10: =COUNTA(Overall!$L$5:$L$132) -> 3 | I10: =COUNTA(Overall!$L$5:$L$132)/$L$8 -> 0.0234375 | J10: =COUNTA(Overall!$J$5:$J$132)+COUNTA(Overall!$K$5:$K$132)+COUNTA(Overall!$L$5:$L$132) -> 128
B11: Google Translate | C11: 2026 | D11: =COUNTA(Overall!$M$5:$M$132) -> 50 | E11: =COUNTA(Overall!$M$5:$M$132)/$L$8 -> 0.390625 | F11: =COUNTA(Overall!$N$5:$N$132) -> 2 | G11: =COUNTA(Overall!$N$5:$N$132)/$L$8 -> 0.015625 | H11: =COUNTA(Overall!$O$5:$O$132) -> 76 | I11: =COUNTA(Overall!$O$5:$O$132)/$L$8 -> 0.59375 | J11: =COUNTA(Overall!$M$5:$M$132)+COUNTA(Overall!$N$5:$N$132)+COUNTA(Overall!$O$5:$O$132) -> 128
B12: DeepL | C12: 2023 | D12: =COUNTA(Overall!$P$5:$P$132) -> 107 | E12: =COUNTA(Overall!$P$5:$P$132)/$L$8 -> 0.8359375 | F12: =COUNTA(Overall!$Q$5:$Q$132) -> 16 | G12: =COUNTA(Overall!$Q$5:$Q$132)/$L$8 -> 0.125 | H12: =COUNTA(Overall!$R$5:$R$132) -> 5 | I12: =COUNTA(Overall!$R$5:$R$132)/$L$8 -> 0.0390625 | J12: =COUNTA(Overall!$P$5:$P$132)+COUNTA(Overall!$Q$5:$Q$132)+COUNTA(Overall!$R$5:$R$132) -> 128
B13: DeepL | C13: 2026 | D13: =COUNTA(Overall!$S$5:$S$132) -> 117 | E13: =COUNTA(Overall!$S$5:$S$132)/$L$8 -> 0.9140625 | F13: =COUNTA(Overall!$T$5:$T$132) -> 11 | G13: =COUNTA(Overall!$T$5:$T$132)/$L$8 -> 0.0859375 | H13: =COUNTA(Overall!$U$5:$U$132) -> 0 | I13: =COUNTA(Overall!$U$5:$U$132)/$L$8 -> 0 | J13: =COUNTA(Overall!$S$5:$S$132)+COUNTA(Overall!$T$5:$T$132)+COUNTA(Overall!$U$5:$U$132) -> 128
B14: ChatGPT | C14: 2023 | D14: =COUNTA(Overall!$V$5:$V$132) -> 115 | E14: =COUNTA(Overall!$V$5:$V$132)/$L$8 -> 0.8984375 | F14: =COUNTA(Overall!$W$5:$W$132) -> 13 | G14: =COUNTA(Overall!$W$5:$W$132)/$L$8 -> 0.1015625 | H14: =COUNTA(Overall!$X$5:$X$132) -> 0 | I14: =COUNTA(Overall!$X$5:$X$132)/$L$8 -> 0 | J14: =COUNTA(Overall!$V$5:$V$132)+COUNTA(Overall!$W$5:$W$132)+COUNTA(Overall!$X$5:$X$132) -> 128
B15: ChatGPT | C15: 2026 | D15: =COUNTA(Overall!$Y$5:$Y$132) -> 75 | E15: =COUNTA(Overall!$Y$5:$Y$132)/$L$8 -> 0.5859375 | F15: =COUNTA(Overall!$Z$5:$Z$132) -> 53 | G15: =COUNTA(Overall!$Z$5:$Z$132)/$L$8 -> 0.4140625 | H15: =COUNTA(Overall!$AA$5:$AA$132) -> 0 | I15: =COUNTA(Overall!$AA$5:$AA$132)/$L$8 -> 0 | J15: =COUNTA(Overall!$Y$5:$Y$132)+COUNTA(Overall!$Z$5:$Z$132)+COUNTA(Overall!$AA$5:$AA$132) -> 128
B17: 2. CHANGE BETWEEN WAVES (2026 minus 2023)
B18: Platform | C18: Δ Masculine | D18: Δ Feminine | E18: Δ Split-gender | F18: Items changed | G18: % of corpus changed
B19: Bing Translator | C19: =(COUNTA(Overall!$G$5:$G$132)-COUNTA(Overall!$D$5:$D$132))/$L$8 -> 0.0546875 | D19: =(COUNTA(Overall!$H$5:$H$132)-COUNTA(Overall!$E$5:$E$132))/$L$8 -> -0.015625 | E19: =(COUNTA(Overall!$I$5:$I$132)-COUNTA(Overall!$F$5:$F$132))/$L$8 -> -0.0390625 | F19: =$L$8-(SUMPRODUCT((Overall!$D$5:$D$132="✓")*(Overall!$G$5:$G$132="✓"))+SUMPRODUCT((Overall!$E$5:$E$132="✓")*(Overall!$H$5:$H$132="✓"))+SUMPRODUCT((Overall!$F$5:$F$132="✓")*(Overall!$I$5:$I$132="✓"))) -> 7 | G19: =($L$8-(SUMPRODUCT((Overall!$D$5:$D$132="✓")*(Overall!$G$5:$G$132="✓"))+SUMPRODUCT((Overall!$E$5:$E$132="✓")*(Overall!$H$5:$H$132="✓"))+SUMPRODUCT((Overall!$F$5:$F$132="✓")*(Overall!$I$5:$I$132="✓"))))/$L$8 -> 0.0546875
B20: Google Translate | C20: =(COUNTA(Overall!$M$5:$M$132)-COUNTA(Overall!$J$5:$J$132))/$L$8 -> -0.546875 | D20: =(COUNTA(Overall!$N$5:$N$132)-COUNTA(Overall!$K$5:$K$132))/$L$8 -> -0.0234375 | E20: =(COUNTA(Overall!$O$5:$O$132)-COUNTA(Overall!$L$5:$L$132))/$L$8 -> 0.5703125 | F20: =$L$8-(SUMPRODUCT((Overall!$J$5:$J$132="✓")*(Overall!$M$5:$M$132="✓"))+SUMPRODUCT((Overall!$K$5:$K$132="✓")*(Overall!$N$5:$N$132="✓"))+SUMPRODUCT((Overall!$L$5:$L$132="✓")*(Overall!$O$5:$O$132="✓"))) -> 77 | G20: =($L$8-(SUMPRODUCT((Overall!$J$5:$J$132="✓")*(Overall!$M$5:$M$132="✓"))+SUMPRODUCT((Overall!$K$5:$K$132="✓")*(Overall!$N$5:$N$132="✓"))+SUMPRODUCT((Overall!$L$5:$L$132="✓")*(Overall!$O$5:$O$132="✓"))))/$L$8 -> 0.6015625
B21: DeepL | C21: =(COUNTA(Overall!$S$5:$S$132)-COUNTA(Overall!$P$5:$P$132))/$L$8 -> 0.078125 | D21: =(COUNTA(Overall!$T$5:$T$132)-COUNTA(Overall!$Q$5:$Q$132))/$L$8 -> -0.0390625 | E21: =(COUNTA(Overall!$U$5:$U$132)-COUNTA(Overall!$R$5:$R$132))/$L$8 -> -0.0390625 | F21: =$L$8-(SUMPRODUCT((Overall!$P$5:$P$132="✓")*(Overall!$S$5:$S$132="✓"))+SUMPRODUCT((Overall!$Q$5:$Q$132="✓")*(Overall!$T$5:$T$132="✓"))+SUMPRODUCT((Overall!$R$5:$R$132="✓")*(Overall!$U$5:$U$132="✓"))) -> 16 | G21: =($L$8-(SUMPRODUCT((Overall!$P$5:$P$132="✓")*(Overall!$S$5:$S$132="✓"))+SUMPRODUCT((Overall!$Q$5:$Q$132="✓")*(Overall!$T$5:$T$132="✓"))+SUMPRODUCT((Overall!$R$5:$R$132="✓")*(Overall!$U$5:$U$132="✓"))))/$L$8 -> 0.125
B22: ChatGPT | C22: =(COUNTA(Overall!$Y$5:$Y$132)-COUNTA(Overall!$V$5:$V$132))/$L$8 -> -0.3125 | D22: =(COUNTA(Overall!$Z$5:$Z$132)-COUNTA(Overall!$W$5:$W$132))/$L$8 -> 0.3125 | E22: =(COUNTA(Overall!$AA$5:$AA$132)-COUNTA(Overall!$X$5:$X$132))/$L$8 -> 0 | F22: =$L$8-(SUMPRODUCT((Overall!$V$5:$V$132="✓")*(Overall!$Y$5:$Y$132="✓"))+SUMPRODUCT((Overall!$W$5:$W$132="✓")*(Overall!$Z$5:$Z$132="✓"))+SUMPRODUCT((Overall!$X$5:$X$132="✓")*(Overall!$AA$5:$AA$132="✓"))) -> 42 | G22: =($L$8-(SUMPRODUCT((Overall!$V$5:$V$132="✓")*(Overall!$Y$5:$Y$132="✓"))+SUMPRODUCT((Overall!$W$5:$W$132="✓")*(Overall!$Z$5:$Z$132="✓"))+SUMPRODUCT((Overall!$X$5:$X$132="✓")*(Overall!$AA$5:$AA$132="✓"))))/$L$8 -> 0.328125
B25: 3. ITEM-LEVEL TRANSITIONS (2023 code → 2026 code)
B26: Platform | C26: M→M | D26: M→F | E26: M→S | F26: F→M | G26: F→F | H26: F→S | I26: S→M | J26: S→F | K26: S→S
B27: Bing Translator | C27: =SUMPRODUCT((Overall!$D$5:$D$132="✓")*(Overall!$G$5:$G$132="✓")) -> 119 | D27: =SUMPRODUCT((Overall!$D$5:$D$132="✓")*(Overall!$H$5:$H$132="✓")) -> 0 | E27: =SUMPRODUCT((Overall!$D$5:$D$132="✓")*(Overall!$I$5:$I$132="✓")) -> 0 | F27: =SUMPRODUCT((Overall!$E$5:$E$132="✓")*(Overall!$G$5:$G$132="✓")) -> 2 | G27: =SUMPRODUCT((Overall!$E$5:$E$132="✓")*(Overall!$H$5:$H$132="✓")) -> 2 | H27: =SUMPRODUCT((Overall!$E$5:$E$132="✓")*(Overall!$I$5:$I$132="✓")) -> 0 | I27: =SUMPRODUCT((Overall!$F$5:$F$132="✓")*(Overall!$G$5:$G$132="✓")) -> 5 | J27: =SUMPRODUCT((Overall!$F$5:$F$132="✓")*(Overall!$H$5:$H$132="✓")) -> 0 | K27: =SUMPRODUCT((Overall!$F$5:$F$132="✓")*(Overall!$I$5:$I$132="✓")) -> 0
B28: Google Translate | C28: =SUMPRODUCT((Overall!$J$5:$J$132="✓")*(Overall!$M$5:$M$132="✓")) -> 49 | D28: =SUMPRODUCT((Overall!$J$5:$J$132="✓")*(Overall!$N$5:$N$132="✓")) -> 0 | E28: =SUMPRODUCT((Overall!$J$5:$J$132="✓")*(Overall!$O$5:$O$132="✓")) -> 71 | F28: =SUMPRODUCT((Overall!$K$5:$K$132="✓")*(Overall!$M$5:$M$132="✓")) -> 0 | G28: =SUMPRODUCT((Overall!$K$5:$K$132="✓")*(Overall!$N$5:$N$132="✓")) -> 1 | H28: =SUMPRODUCT((Overall!$K$5:$K$132="✓")*(Overall!$O$5:$O$132="✓")) -> 4 | I28: =SUMPRODUCT((Overall!$L$5:$L$132="✓")*(Overall!$M$5:$M$132="✓")) -> 1 | J28: =SUMPRODUCT((Overall!$L$5:$L$132="✓")*(Overall!$N$5:$N$132="✓")) -> 1 | K28: =SUMPRODUCT((Overall!$L$5:$L$132="✓")*(Overall!$O$5:$O$132="✓")) -> 1
B29: DeepL | C29: =SUMPRODUCT((Overall!$P$5:$P$132="✓")*(Overall!$S$5:$S$132="✓")) -> 104 | D29: =SUMPRODUCT((Overall!$P$5:$P$132="✓")*(Overall!$T$5:$T$132="✓")) -> 3 | E29: =SUMPRODUCT((Overall!$P$5:$P$132="✓")*(Overall!$U$5:$U$132="✓")) -> 0 | F29: =SUMPRODUCT((Overall!$Q$5:$Q$132="✓")*(Overall!$S$5:$S$132="✓")) -> 8 | G29: =SUMPRODUCT((Overall!$Q$5:$Q$132="✓")*(Overall!$T$5:$T$132="✓")) -> 8 | H29: =SUMPRODUCT((Overall!$Q$5:$Q$132="✓")*(Overall!$U$5:$U$132="✓")) -> 0 | I29: =SUMPRODUCT((Overall!$R$5:$R$132="✓")*(Overall!$S$5:$S$132="✓")) -> 5 | J29: =SUMPRODUCT((Overall!$R$5:$R$132="✓")*(Overall!$T$5:$T$132="✓")) -> 0 | K29: =SUMPRODUCT((Overall!$R$5:$R$132="✓")*(Overall!$U$5:$U$132="✓")) -> 0
B30: ChatGPT | C30: =SUMPRODUCT((Overall!$V$5:$V$132="✓")*(Overall!$Y$5:$Y$132="✓")) -> 74 | D30: =SUMPRODUCT((Overall!$V$5:$V$132="✓")*(Overall!$Z$5:$Z$132="✓")) -> 41 | E30: =SUMPRODUCT((Overall!$V$5:$V$132="✓")*(Overall!$AA$5:$AA$132="✓")) -> 0 | F30: =SUMPRODUCT((Overall!$W$5:$W$132="✓")*(Overall!$Y$5:$Y$132="✓")) -> 1 | G30: =SUMPRODUCT((Overall!$W$5:$W$132="✓")*(Overall!$Z$5:$Z$132="✓")) -> 12 | H30: =SUMPRODUCT((Overall!$W$5:$W$132="✓")*(Overall!$AA$5:$AA$132="✓")) -> 0 | I30: =SUMPRODUCT((Overall!$X$5:$X$132="✓")*(Overall!$Y$5:$Y$132="✓")) -> 0 | J30: =SUMPRODUCT((Overall!$X$5:$X$132="✓")*(Overall!$Z$5:$Z$132="✓")) -> 0 | K30: =SUMPRODUCT((Overall!$X$5:$X$132="✓")*(Overall!$AA$5:$AA$132="✓")) -> 0
B33: 4. DIRECTION OF THE SPLIT (Google Translate 2026)
B34: Pattern | C34: Items | D34: Share of split items | E34: Interpretation
B35: Competence → He / Carelessness → She | C35: =COUNTIF(Overall!$AD$5:$AD$132,"competent=He / careless=She") -> 64 | D35: =C35/C37 -> 0.84210526 | E35: Competence coded masculine, fault coded feminine
B36: Competence → She / Carelessness → He | C36: =COUNTIF(Overall!$AD$5:$AD$132,"competent=She / careless=He") -> 12 | D36: =C36/C37 -> 0.15789474 | E36: Reverse pattern
B37: All split items | C37: =COUNTA(Overall!$O$5:$O$132) -> 76 | D37: =C37/C37 -> 1
B39: 5. MASCULINE ASSIGNMENT RATE BY OCCUPATION CLASSIFICATION
B40: Classification | C40: n | D40: Bing 2023 | E40: Bing 2026 | F40: Google 2023 | G40: Google 2026 | H40: DeepL 2023 | I40: DeepL 2026 | J40: ChatGPT 2023 | K40: ChatGPT 2026
B41: Feminine-classified | C41: =COUNTIF(Overall!$AC$5:$AC$132,"Feminin") -> 10 | D41: =IFERROR(SUMPRODUCT((Overall!$AC$5:$AC$132="Feminin")*(Overall!$D$5:$D$132="✓"))/$C$41,"") -> 0.5 | E41: =IFERROR(SUMPRODUCT((Overall!$AC$5:$AC$132="Feminin")*(Overall!$G$5:$G$132="✓"))/$C$41,"") -> 1 | F41: =IFERROR(SUMPRODUCT((Overall!$AC$5:$AC$132="Feminin")*(Overall!$J$5:$J$132="✓"))/$C$41,"") -> 0.6 | G41: =IFERROR(SUMPRODUCT((Overall!$AC$5:$AC$132="Feminin")*(Overall!$M$5:$M$132="✓"))/$C$41,"") -> 0 | H41: =IFERROR(SUMPRODUCT((Overall!$AC$5:$AC$132="Feminin")*(Overall!$P$5:$P$132="✓"))/$C$41,"") -> 0.2 | I41: =IFERROR(SUMPRODUCT((Overall!$AC$5:$AC$132="Feminin")*(Overall!$S$5:$S$132="✓"))/$C$41,"") -> 0.1 | J41: =IFERROR(SUMPRODUCT((Overall!$AC$5:$AC$132="Feminin")*(Overall!$V$5:$V$132="✓"))/$C$41,"") -> 0.5 | K41: =IFERROR(SUMPRODUCT((Overall!$AC$5:$AC$132="Feminin")*(Overall!$Y$5:$Y$132="✓"))/$C$41,"") -> 0
B42: Masculine-classified | C42: =COUNTIF(Overall!$AC$5:$AC$132,"Maskulin") -> 58 | D42: =IFERROR(SUMPRODUCT((Overall!$AC$5:$AC$132="Maskulin")*(Overall!$D$5:$D$132="✓"))/$C$42,"") -> 1 | E42: =IFERROR(SUMPRODUCT((Overall!$AC$5:$AC$132="Maskulin")*(Overall!$G$5:$G$132="✓"))/$C$42,"") -> 1 | F42: =IFERROR(SUMPRODUCT((Overall!$AC$5:$AC$132="Maskulin")*(Overall!$J$5:$J$132="✓"))/$C$42,"") -> 1 | G42: =IFERROR(SUMPRODUCT((Overall!$AC$5:$AC$132="Maskulin")*(Overall!$M$5:$M$132="✓"))/$C$42,"") -> 0.51724138 | H42: =IFERROR(SUMPRODUCT((Overall!$AC$5:$AC$132="Maskulin")*(Overall!$P$5:$P$132="✓"))/$C$42,"") -> 1 | I42: =IFERROR(SUMPRODUCT((Overall!$AC$5:$AC$132="Maskulin")*(Overall!$S$5:$S$132="✓"))/$C$42,"") -> 1 | J42: =IFERROR(SUMPRODUCT((Overall!$AC$5:$AC$132="Maskulin")*(Overall!$V$5:$V$132="✓"))/$C$42,"") -> 1 | K42: =IFERROR(SUMPRODUCT((Overall!$AC$5:$AC$132="Maskulin")*(Overall!$Y$5:$Y$132="✓"))/$C$42,"") -> 0.93103448
B43: Neutral-classified | C43: =COUNTIF(Overall!$AC$5:$AC$132,"Netral") -> 60 | D43: =IFERROR(SUMPRODUCT((Overall!$AC$5:$AC$132="Netral")*(Overall!$D$5:$D$132="✓"))/$C$43,"") -> 0.93333333 | E43: =IFERROR(SUMPRODUCT((Overall!$AC$5:$AC$132="Netral")*(Overall!$G$5:$G$132="✓"))/$C$43,"") -> 0.96666667 | F43: =IFERROR(SUMPRODUCT((Overall!$AC$5:$AC$132="Netral")*(Overall!$J$5:$J$132="✓"))/$C$43,"") -> 0.93333333 | G43: =IFERROR(SUMPRODUCT((Overall!$AC$5:$AC$132="Netral")*(Overall!$M$5:$M$132="✓"))/$C$43,"") -> 0.33333333 | H43: =IFERROR(SUMPRODUCT((Overall!$AC$5:$AC$132="Netral")*(Overall!$P$5:$P$132="✓"))/$C$43,"") -> 0.78333333 | I43: =IFERROR(SUMPRODUCT((Overall!$AC$5:$AC$132="Netral")*(Overall!$S$5:$S$132="✓"))/$C$43,"") -> 0.96666667 | J43: =IFERROR(SUMPRODUCT((Overall!$AC$5:$AC$132="Netral")*(Overall!$V$5:$V$132="✓"))/$C$43,"") -> 0.86666667 | K43: =IFERROR(SUMPRODUCT((Overall!$AC$5:$AC$132="Netral")*(Overall!$Y$5:$Y$132="✓"))/$C$43,"") -> 0.35
B44: All occupations | C44: =SUM(C41:C43) -> 128 | D44: =COUNTA(Overall!$D$5:$D$132)/$C$44 -> 0.9296875 | E44: =COUNTA(Overall!$G$5:$G$132)/$C$44 -> 0.984375 | F44: =COUNTA(Overall!$J$5:$J$132)/$C$44 -> 0.9375 | G44: =COUNTA(Overall!$M$5:$M$132)/$C$44 -> 0.390625 | H44: =COUNTA(Overall!$P$5:$P$132)/$C$44 -> 0.8359375 | I44: =COUNTA(Overall!$S$5:$S$132)/$C$44 -> 0.9140625 | J44: =COUNTA(Overall!$V$5:$V$132)/$C$44 -> 0.8984375 | K44: =COUNTA(Overall!$Y$5:$Y$132)/$C$44 -> 0.5859375
B46: 6. FEMININE ASSIGNMENT RATE BY OCCUPATION CLASSIFICATION
B47: Classification | C47: n | D47: Bing 2023 | E47: Bing 2026 | F47: Google 2023 | G47: Google 2026 | H47: DeepL 2023 | I47: DeepL 2026 | J47: ChatGPT 2023 | K47: ChatGPT 2026
B48: Feminine-classified | C48: =COUNTIF(Overall!$AC$5:$AC$132,"Feminin") -> 10 | D48: =IFERROR(SUMPRODUCT((Overall!$AC$5:$AC$132="Feminin")*(Overall!$E$5:$E$132="✓"))/$C$48,"") -> 0.2 | E48: =IFERROR(SUMPRODUCT((Overall!$AC$5:$AC$132="Feminin")*(Overall!$H$5:$H$132="✓"))/$C$48,"") -> 0 | F48: =IFERROR(SUMPRODUCT((Overall!$AC$5:$AC$132="Feminin")*(Overall!$K$5:$K$132="✓"))/$C$48,"") -> 0.2 | G48: =IFERROR(SUMPRODUCT((Overall!$AC$5:$AC$132="Feminin")*(Overall!$N$5:$N$132="✓"))/$C$48,"") -> 0.2 | H48: =IFERROR(SUMPRODUCT((Overall!$AC$5:$AC$132="Feminin")*(Overall!$Q$5:$Q$132="✓"))/$C$48,"") -> 0.8 | I48: =IFERROR(SUMPRODUCT((Overall!$AC$5:$AC$132="Feminin")*(Overall!$T$5:$T$132="✓"))/$C$48,"") -> 0.9 | J48: =IFERROR(SUMPRODUCT((Overall!$AC$5:$AC$132="Feminin")*(Overall!$W$5:$W$132="✓"))/$C$48,"") -> 0.5 | K48: =IFERROR(SUMPRODUCT((Overall!$AC$5:$AC$132="Feminin")*(Overall!$Z$5:$Z$132="✓"))/$C$48,"") -> 1
B49: Masculine-classified | C49: =COUNTIF(Overall!$AC$5:$AC$132,"Maskulin") -> 58 | D49: =IFERROR(SUMPRODUCT((Overall!$AC$5:$AC$132="Maskulin")*(Overall!$E$5:$E$132="✓"))/$C$49,"") -> 0 | E49: =IFERROR(SUMPRODUCT((Overall!$AC$5:$AC$132="Maskulin")*(Overall!$H$5:$H$132="✓"))/$C$49,"") -> 0 | F49: =IFERROR(SUMPRODUCT((Overall!$AC$5:$AC$132="Maskulin")*(Overall!$K$5:$K$132="✓"))/$C$49,"") -> 0 | G49: =IFERROR(SUMPRODUCT((Overall!$AC$5:$AC$132="Maskulin")*(Overall!$N$5:$N$132="✓"))/$C$49,"") -> 0 | H49: =IFERROR(SUMPRODUCT((Overall!$AC$5:$AC$132="Maskulin")*(Overall!$Q$5:$Q$132="✓"))/$C$49,"") -> 0 | I49: =IFERROR(SUMPRODUCT((Overall!$AC$5:$AC$132="Maskulin")*(Overall!$T$5:$T$132="✓"))/$C$49,"") -> 0 | J49: =IFERROR(SUMPRODUCT((Overall!$AC$5:$AC$132="Maskulin")*(Overall!$W$5:$W$132="✓"))/$C$49,"") -> 0 | K49: =IFERROR(SUMPRODUCT((Overall!$AC$5:$AC$132="Maskulin")*(Overall!$Z$5:$Z$132="✓"))/$C$49,"") -> 0.068965517
B50: Neutral-classified | C50: =COUNTIF(Overall!$AC$5:$AC$132,"Netral") -> 60 | D50: =IFERROR(SUMPRODUCT((Overall!$AC$5:$AC$132="Netral")*(Overall!$E$5:$E$132="✓"))/$C$50,"") -> 0.033333333 | E50: =IFERROR(SUMPRODUCT((Overall!$AC$5:$AC$132="Netral")*(Overall!$H$5:$H$132="✓"))/$C$50,"") -> 0.033333333 | F50: =IFERROR(SUMPRODUCT((Overall!$AC$5:$AC$132="Netral")*(Overall!$K$5:$K$132="✓"))/$C$50,"") -> 0.05 | G50: =IFERROR(SUMPRODUCT((Overall!$AC$5:$AC$132="Netral")*(Overall!$N$5:$N$132="✓"))/$C$50,"") -> 0 | H50: =IFERROR(SUMPRODUCT((Overall!$AC$5:$AC$132="Netral")*(Overall!$Q$5:$Q$132="✓"))/$C$50,"") -> 0.13333333 | I50: =IFERROR(SUMPRODUCT((Overall!$AC$5:$AC$132="Netral")*(Overall!$T$5:$T$132="✓"))/$C$50,"") -> 0.033333333 | J50: =IFERROR(SUMPRODUCT((Overall!$AC$5:$AC$132="Netral")*(Overall!$W$5:$W$132="✓"))/$C$50,"") -> 0.13333333 | K50: =IFERROR(SUMPRODUCT((Overall!$AC$5:$AC$132="Netral")*(Overall!$Z$5:$Z$132="✓"))/$C$50,"") -> 0.65
B52: 7. CROSS-PLATFORM AGREEMENT
B53: Measure | C53: 2023 | D53: 2026
B54: Masculine on all four platforms | C54: =SUMPRODUCT((Overall!$D$5:$D$132="✓")*(Overall!$J$5:$J$132="✓")*(Overall!$P$5:$P$132="✓")*(Overall!$V$5:$V$132="✓")) -> 103 | D54: =SUMPRODUCT((Overall!$G$5:$G$132="✓")*(Overall!$M$5:$M$132="✓")*(Overall!$S$5:$S$132="✓")*(Overall!$Y$5:$Y$132="✓")) -> 39
B55: Feminine on all four platforms | C55: =SUMPRODUCT((Overall!$E$5:$E$132="✓")*(Overall!$K$5:$K$132="✓")*(Overall!$Q$5:$Q$132="✓")*(Overall!$W$5:$W$132="✓")) -> 3 | D55: =SUMPRODUCT((Overall!$H$5:$H$132="✓")*(Overall!$N$5:$N$132="✓")*(Overall!$T$5:$T$132="✓")*(Overall!$Z$5:$Z$132="✓")) -> 0
B56: Feminine on at least one platform | C56: =SUMPRODUCT(SIGN((Overall!$E$5:$E$132="✓")+(Overall!$K$5:$K$132="✓")+(Overall!$Q$5:$Q$132="✓")+(Overall!$W$5:$W$132="✓"))) -> 20 | D56: =SUMPRODUCT(SIGN((Overall!$H$5:$H$132="✓")+(Overall!$N$5:$N$132="✓")+(Overall!$T$5:$T$132="✓")+(Overall!$Z$5:$Z$132="✓"))) -> 53
B57: Split-gender on at least one platform | C57: =SUMPRODUCT(SIGN((Overall!$F$5:$F$132="✓")+(Overall!$L$5:$L$132="✓")+(Overall!$R$5:$R$132="✓")+(Overall!$X$5:$X$132="✓"))) -> 10 | D57: =SUMPRODUCT(SIGN((Overall!$I$5:$I$132="✓")+(Overall!$O$5:$O$132="✓")+(Overall!$U$5:$U$132="✓")+(Overall!$AA$5:$AA$132="✓"))) -> 76
B59: 8. CORRECTIONS APPLIED TO THIS DATASET
B60: NOTE — Occupation classification: The labelling used here (10 feminine / 58 masculine / 60 neutral) is the researchers’ own, adapted and modified from Kinanti, Syaebani & Primadini (2021), which reports 26 / 46 / 57. See section 9.
B61: NOTE — Three Google Translate 2026 items (Manajer Motel, Penjual Mesin Bisnis, Penjual Obat-Obatan) returned a single clause rather than the pair. Coded Masculine on the researchers’ judgement.
B63: 9. CLASSIFICATION PROVENANCE — AGREED TREATMENT FOR THE METHOD SECTION
B64: Decision: Citing Kinanti et al. (2021) as the source of the occupation list only, and report the masculine/feminine/neutral labelling as the present study’s own re-classification, adjusting the need for perceived English occupation bias.
B65: "The 128 occupations analysed were drawn from the inventory compiled by Kinanti, Syaebani and Primadini (2021), whose nationwide survey of 3,633 Indonesian respondents aged 15–64 classified occupations as masculine, feminine or neutral. Because the present study required the adjustment for perceived English occupation bias, the occupations were re-classified by the researchers, yielding 10 feminine, 58 masculine and 60 neutral items. This distribution therefore differs from the 26 / 46 / 57 split reported by Kinanti et al., and the labels used throughout this article are attributable to the present authors rather than to that source."

Sheet Overall
B1: No | C1: Occupation | D1: BING Translator | G1: BING Translator | J1: Google Translate | M1: Google Translate | P1: DeepL | S1: DeepL | V1: ChatGPT | Y1: ChatGPT
D2: Transformation | G2: Transformation | J2: Transformation | M2: Transformation | P2: Transformation | S2: Transformation | V2: Transformation | Y2: Transformation
D3: 2023 | G3: 2026 | J3: 2023 | M3: 2026 | P3: 2023 | S3: 2026 | V3: 2023 | Y3: 2026
D4: Masculine | E4: Feminine | F4: Stereotype | G4: Masculine | H4: Feminine | I4: Stereotype | J4: Masculine | K4: Feminine | L4: Stereotype | M4: Masculine | N4: Feminine | O4: Stereotype | P4: Masculine | Q4: Feminine | R4: Stereotype | S4: Masculine | T4: Feminine | U4: Stereotype | V4: Masculine | W4: Feminine | X4: Stereotype | Y4: Masculine | Z4: Feminine | AA4: Stereotype | AC4: Study classification | AD4: Google 2026 split direction
B5: 1 | C5: Apoteker | D5: ✓ | G5: ✓ | J5: ✓ | O5: ✓ | P5: ✓ | T5: ✓ | V5: ✓ | Z5: ✓ | AC5: Feminin | AD5: competent=He / careless=She
B6: 2 | C6: Psikolog Sekolah | D6: ✓ | G6: ✓ | J6: ✓ | O6: ✓ | Q6: ✓ | T6: ✓ | W6: ✓ | Z6: ✓ | AC6: Feminin | AD6: competent=She / careless=He
B7: 3 | C7: Penjual Perhiasan | D7: ✓ | G7: ✓ | J7: ✓ | O7: ✓ | P7: ✓ | T7: ✓ | V7: ✓ | Z7: ✓ | AC7: Feminin | AD7: competent=He / careless=She
B8: 4 | C8: Kasir | D8: ✓ | G8: ✓ | J8: ✓ | O8: ✓ | Q8: ✓ | T8: ✓ | V8: ✓ | Z8: ✓ | AC8: Feminin | AD8: competent=He / careless=She
B9: 5 | C9: Teller Bank | D9: ✓ | G9: ✓ | J9: ✓ | O9: ✓ | Q9: ✓ | T9: ✓ | W9: ✓ | Z9: ✓ | AC9: Feminin | AD9: competent=He / careless=She
B10: 6 | C10: Guru Sekolah Dasar | F10: ✓ | G10: ✓ | J10: ✓ | O10: ✓ | Q10: ✓ | S10: ✓ | V10: ✓ | Z10: ✓ | AC10: Feminin | AD10: competent=She / careless=He
B11: 7 | C11: Penari Balet | E11: ✓ | G11: ✓ | K11: ✓ | O11: ✓ | Q11: ✓ | T11: ✓ | W11: ✓ | Z11: ✓ | AC11: Feminin | AD11: competent=She / careless=He
B12: 8 | C12: Sekretaris Pribadi | F12: ✓ | G12: ✓ | L12: ✓ | N12: ✓ | Q12: ✓ | T12: ✓ | W12: ✓ | Z12: ✓ | AC12: Feminin
B13: 9 | C13: Resepsionis | F13: ✓ | G13: ✓ | L13: ✓ | O13: ✓ | Q13: ✓ | T13: ✓ | W13: ✓ | Z13: ✓ | AC13: Feminin | AD13: competent=She / careless=He
B14: 10 | C14: Pekerja Salon | E14: ✓ | G14: ✓ | K14: ✓ | N14: ✓ | Q14: ✓ | T14: ✓ | V14: ✓ | Z14: ✓ | AC14: Feminin
B15: 11 | C15: Buruh Tambang | D15: ✓ | G15: ✓ | J15: ✓ | M15: ✓ | P15: ✓ | S15: ✓ | V15: ✓ | Y15: ✓ | AC15: Maskulin
B16: 12 | C16: Operator Alat Berat | D16: ✓ | G16: ✓ | J16: ✓ | M16: ✓ | P16: ✓ | S16: ✓ | V16: ✓ | Y16: ✓ | AC16: Maskulin
B17: 13 | C17: Pekerja Pemelihara Jalan Raya | D17: ✓ | G17: ✓ | J17: ✓ | M17: ✓ | P17: ✓ | S17: ✓ | V17: ✓ | Y17: ✓ | AC17: Maskulin
B18: 14 | C18: Hakim Agung | D18: ✓ | G18: ✓ | J18: ✓ | M18: ✓ | P18: ✓ | S18: ✓ | V18: ✓ | Y18: ✓ | AC18: Maskulin
B19: 15 | C19: Pekerja Konstruksi Bangunan | D19: ✓ | G19: ✓ | J19: ✓ | M19: ✓ | P19: ✓ | S19: ✓ | V19: ✓ | Y19: ✓ | AC19: Maskulin
B20: 16 | C20: Kontraktor Gedung | D20: ✓ | G20: ✓ | J20: ✓ | O20: ✓ | P20: ✓ | S20: ✓ | V20: ✓ | Y20: ✓ | AC20: Maskulin | AD20: competent=He / careless=She
B21: 17 | C21: Insinyur Pertambangan | D21: ✓ | G21: ✓ | J21: ✓ | O21: ✓ | P21: ✓ | S21: ✓ | V21: ✓ | Y21: ✓ | AC21: Maskulin | AD21: competent=He / careless=She
B22: 18 | C22: Kapten Kapal | D22: ✓ | G22: ✓ | J22: ✓ | O22: ✓ | P22: ✓ | S22: ✓ | V22: ✓ | Y22: ✓ | AC22: Maskulin | AD22: competent=He / careless=She
B23: 19 | C23: Kondektur Kereta Api | D23: ✓ | G23: ✓ | J23: ✓ | O23: ✓ | P23: ✓ | S23: ✓ | V23: ✓ | Y23: ✓ | AC23: Maskulin | AD23: competent=He / careless=She
B24: 20 | C24: Montir Kendaraan | D24: ✓ | G24: ✓ | J24: ✓ | O24: ✓ | P24: ✓ | S24: ✓ | V24: ✓ | Y24: ✓ | AC24: Maskulin | AD24: competent=He / careless=She
B25: 21 | C25: Teknisi Kelistrikan | D25: ✓ | G25: ✓ | J25: ✓ | O25: ✓ | P25: ✓ | S25: ✓ | V25: ✓ | Y25: ✓ | AC25: Maskulin | AD25: competent=He / careless=She
B26: 22 | C26: Pembalap mobil | D26: ✓ | G26: ✓ | J26: ✓ | O26: ✓ | P26: ✓ | S26: ✓ | V26: ✓ | Y26: ✓ | AC26: Maskulin | AD26: competent=He / careless=She
B27: 23 | C27: Jaksa Wilayah | D27: ✓ | G27: ✓ | J27: ✓ | O27: ✓ | P27: ✓ | S27: ✓ | V27: ✓ | Y27: ✓ | AC27: Maskulin | AD27: competent=He / careless=She
B28: 24 | C28: Direktur Perusahaan | D28: ✓ | G28: ✓ | J28: ✓ | O28: ✓ | P28: ✓ | S28: ✓ | V28: ✓ | Y28: ✓ | AC28: Maskulin | AD28: competent=He / careless=She
B29: 25 | C29: Sersan Polisi | D29: ✓ | G29: ✓ | J29: ✓ | O29: ✓ | P29: ✓ | S29: ✓ | V29: ✓ | Y29: ✓ | AC29: Maskulin | AD29: competent=He / careless=She
B30: 26 | C30: Buruh Pejabat | D30: ✓ | G30: ✓ | J30: ✓ | M30: ✓ | P30: ✓ | S30: ✓ | V30: ✓ | Y30: ✓ | AC30: Maskulin
B31: 27 | C31: Tukang Kayu | D31: ✓ | G31: ✓ | J31: ✓ | M31: ✓ | P31: ✓ | S31: ✓ | V31: ✓ | Y31: ✓ | AC31: Maskulin
B32: 28 | C32: Rektor | D32: ✓ | G32: ✓ | J32: ✓ | M32: ✓ | P32: ✓ | S32: ✓ | V32: ✓ | Y32: ✓ | AC32: Maskulin
B33: 29 | C33: Walikota | D33: ✓ | G33: ✓ | J33: ✓ | M33: ✓ | P33: ✓ | S33: ✓ | V33: ✓ | Y33: ✓ | AC33: Maskulin
B34: 30 | C34: Polisi Kehutanan | D34: ✓ | G34: ✓ | J34: ✓ | M34: ✓ | P34: ✓ | S34: ✓ | V34: ✓ | Y34: ✓ | AC34: Maskulin
B35: 31 | C35: Pilot | D35: ✓ | G35: ✓ | J35: ✓ | O35: ✓ | P35: ✓ | S35: ✓ | V35: ✓ | Y35: ✓ | AC35: Maskulin | AD35: competent=He / careless=She
B36: 32 | C36: Insinyur Kehutanan | D36: ✓ | G36: ✓ | J36: ✓ | O36: ✓ | P36: ✓ | S36: ✓ | V36: ✓ | Y36: ✓ | AC36: Maskulin | AD36: competent=He / careless=She
B37: 33 | C37: Broker/Makelar Saham | D37: ✓ | G37: ✓ | J37: ✓ | O37: ✓ | P37: ✓ | S37: ✓ | V37: ✓ | Y37: ✓ | AC37: Maskulin | AD37: competent=He / careless=She
B38: 34 | C38: Insinyur | D38: ✓ | G38: ✓ | J38: ✓ | O38: ✓ | P38: ✓ | S38: ✓ | V38: ✓ | Y38: ✓ | AC38: Maskulin | AD38: competent=He / careless=She
B39: 35 | C39: Pejabat Tinggi Pemerintahan | D39: ✓ | G39: ✓ | J39: ✓ | M39: ✓ | P39: ✓ | S39: ✓ | V39: ✓ | Y39: ✓ | AC39: Maskulin
B40: 36 | C40: Manajer Pertanian | D40: ✓ | G40: ✓ | J40: ✓ | O40: ✓ | P40: ✓ | S40: ✓ | V40: ✓ | Y40: ✓ | AC40: Maskulin | AD40: competent=He / careless=She
B41: 37 | C41: Pengontrol Lalu Lintas Udara | D41: ✓ | G41: ✓ | J41: ✓ | O41: ✓ | P41: ✓ | S41: ✓ | V41: ✓ | Y41: ✓ | AC41: Maskulin | AD41: competent=He / careless=She
B42: 38 | C42: Penjaga Taman | D42: ✓ | G42: ✓ | J42: ✓ | M42: ✓ | P42: ✓ | S42: ✓ | V42: ✓ | Y42: ✓ | AC42: Maskulin
B43: 39 | C43: Pemilik Rumah Gadai | D43: ✓ | G43: ✓ | J43: ✓ | M43: ✓ | P43: ✓ | S43: ✓ | V43: ✓ | Y43: ✓ | AC43: Maskulin
B44: 40 | C44: Penjual Mobil Gadai | D44: ✓ | G44: ✓ | J44: ✓ | M44: ✓ | P44: ✓ | S44: ✓ | V44: ✓ | Y44: ✓ | AC44: Maskulin
B45: 41 | C45: Agen Penyelidik Hukum | D45: ✓ | G45: ✓ | J45: ✓ | O45: ✓ | P45: ✓ | S45: ✓ | V45: ✓ | Y45: ✓ | AC45: Maskulin | AD45: competent=He / careless=She
B46: 42 | C46: Manajer Taman | D46: ✓ | G46: ✓ | J46: ✓ | O46: ✓ | P46: ✓ | S46: ✓ | V46: ✓ | Y46: ✓ | AC46: Maskulin | AD46: competent=He / careless=She
B47: 43 | C47: Nelayan | D47: ✓ | G47: ✓ | J47: ✓ | M47: ✓ | P47: ✓ | S47: ✓ | V47: ✓ | Y47: ✓ | AC47: Maskulin
B48: 44 | C48: Porter Hotel | D48: ✓ | G48: ✓ | J48: ✓ | M48: ✓ | P48: ✓ | S48: ✓ | V48: ✓ | Y48: ✓ | AC48: Maskulin
B49: 45 | C49: Pemeriksa Bea Cukai | D49: ✓ | G49: ✓ | J49: ✓ | O49: ✓ | P49: ✓ | S49: ✓ | V49: ✓ | Y49: ✓ | AC49: Maskulin | AD49: competent=He / careless=She
B50: 46 | C50: Pengawas Masa Percobaan Hukum | D50: ✓ | G50: ✓ | J50: ✓ | M50: ✓ | P50: ✓ | S50: ✓ | V50: ✓ | Z50: ✓ | AC50: Maskulin
B51: 47 | C51: Politikus | D51: ✓ | G51: ✓ | J51: ✓ | O51: ✓ | P51: ✓ | S51: ✓ | V51: ✓ | Y51: ✓ | AC51: Maskulin | AD51: competent=He / careless=She
B52: 48 | C52: Arsitek | D52: ✓ | G52: ✓ | J52: ✓ | O52: ✓ | P52: ✓ | S52: ✓ | V52: ✓ | Y52: ✓ | AC52: Maskulin | AD52: competent=He / careless=She
B53: 49 | C53: Ahli Kelautan/Oseanografi | D53: ✓ | G53: ✓ | J53: ✓ | M53: ✓ | P53: ✓ | S53: ✓ | V53: ✓ | Y53: ✓ | AC53: Maskulin
B54: 50 | C54: Profesor Hukum | D54: ✓ | G54: ✓ | J54: ✓ | M54: ✓ | P54: ✓ | S54: ✓ | V54: ✓ | Y54: ✓ | AC54: Maskulin
B55: 51 | C55: Pegawai Bagian Penjualan Teknis | D55: ✓ | G55: ✓ | J55: ✓ | O55: ✓ | P55: ✓ | S55: ✓ | V55: ✓ | Y55: ✓ | AC55: Maskulin | AD55: competent=He / careless=She
B56: 52 | C56: Teknisi Radio | D56: ✓ | G56: ✓ | J56: ✓ | M56: ✓ | P56: ✓ | S56: ✓ | V56: ✓ | Y56: ✓ | AC56: Maskulin
B57: 53 | C57: Ahli Geologi | D57: ✓ | G57: ✓ | J57: ✓ | O57: ✓ | P57: ✓ | S57: ✓ | V57: ✓ | Y57: ✓ | AC57: Maskulin | AD57: competent=He / careless=She
B58: 54 | C58: Teknisi Jam Tangan | D58: ✓ | G58: ✓ | J58: ✓ | M58: ✓ | P58: ✓ | S58: ✓ | V58: ✓ | Y58: ✓ | AC58: Maskulin
B59: 55 | C59: Konservasionis (menjaga lingkungan) | D59: ✓ | G59: ✓ | J59: ✓ | O59: ✓ | P59: ✓ | S59: ✓ | V59: ✓ | Y59: ✓ | AC59: Maskulin | AD59: competent=He / careless=She
B60: 56 | C60: Penjual Perangkat Keras | D60: ✓ | G60: ✓ | J60: ✓ | M60: ✓ | P60: ✓ | S60: ✓ | V60: ✓ | Y60: ✓ | AC60: Maskulin
B61: 57 | C61: Ahli Astronomi | D61: ✓ | G61: ✓ | J61: ✓ | M61: ✓ | P61: ✓ | S61: ✓ | V61: ✓ | Y61: ✓ | AC61: Maskulin
B62: 58 | C62: Komposer Musik | D62: ✓ | G62: ✓ | J62: ✓ | M62: ✓ | P62: ✓ | S62: ✓ | V62: ✓ | Y62: ✓ | AC62: Maskulin
B63: 59 | C63: Manajer Motel | D63: ✓ | G63: ✓ | J63: ✓ | M63: ✓ | P63: ✓ | S63: ✓ | V63: ✓ | Z63: ✓ | AC63: Maskulin
B64: 60 | C64: Penjual Televisi | D64: ✓ | G64: ✓ | J64: ✓ | M64: ✓ | P64: ✓ | S64: ✓ | V64: ✓ | Y64: ✓ | AC64: Maskulin
B65: 61 | C65: Pesulap | D65: ✓ | G65: ✓ | J65: ✓ | M65: ✓ | P65: ✓ | S65: ✓ | V65: ✓ | Y65: ✓ | AC65: Maskulin
B66: 62 | C66: Ahli Meteorologi | D66: ✓ | G66: ✓ | J66: ✓ | O66: ✓ | P66: ✓ | S66: ✓ | V66: ✓ | Y66: ✓ | AC66: Maskulin | AD66: competent=He / careless=She
B67: 63 | C67: Ahli Taksidermi (mengawetkan binatang) | D67: ✓ | G67: ✓ | J67: ✓ | M67: ✓ | P67: ✓ | S67: ✓ | V67: ✓ | Y67: ✓ | AC67: Maskulin
B68: 64 | C68: Penjual Mesin Bisnis | D68: ✓ | G68: ✓ | J68: ✓ | M68: ✓ | P68: ✓ | S68: ✓ | V68: ✓ | Y68: ✓ | AC68: Maskulin
B69: 65 | C69: Programmer Komputer | D69: ✓ | G69: ✓ | J69: ✓ | O69: ✓ | P69: ✓ | S69: ✓ | V69: ✓ | Y69: ✓ | AC69: Maskulin | AD69: competent=He / careless=She
B70: 66 | C70: Profesor Sejarah | D70: ✓ | G70: ✓ | J70: ✓ | M70: ✓ | P70: ✓ | S70: ✓ | V70: ✓ | Y70: ✓ | AC70: Maskulin
B71: 67 | C71: Petugas Hukum | D71: ✓ | G71: ✓ | J71: ✓ | O71: ✓ | P71: ✓ | S71: ✓ | V71: ✓ | Z71: ✓ | AC71: Maskulin | AD71: competent=He / careless=She
B72: 68 | C72: Teknisi X-ray | D72: ✓ | G72: ✓ | J72: ✓ | O72: ✓ | P72: ✓ | S72: ✓ | V72: ✓ | Z72: ✓ | AC72: Maskulin | AD72: competent=He / careless=She
B73: 69 | C73: Tenaga Penjual | D73: ✓ | G73: ✓ | J73: ✓ | O73: ✓ | P73: ✓ | S73: ✓ | V73: ✓ | Y73: ✓ | AC73: Netral | AD73: competent=He / careless=She
B74: 70 | C74: Dokter Gigi | D74: ✓ | G74: ✓ | J74: ✓ | O74: ✓ | P74: ✓ | S74: ✓ | V74: ✓ | Y74: ✓ | AC74: Netral | AD74: competent=He / careless=She
B75: 71 | C75: Dokter Bedah | D75: ✓ | G75: ✓ | J75: ✓ | O75: ✓ | P75: ✓ | S75: ✓ | V75: ✓ | Y75: ✓ | AC75: Netral | AD75: competent=He / careless=She
B76: 72 | C76: Atlet Profesional | D76: ✓ | G76: ✓ | J76: ✓ | M76: ✓ | P76: ✓ | S76: ✓ | V76: ✓ | Y76: ✓ | AC76: Netral
B77: 73 | C77: Manajer Penjualan | D77: ✓ | G77: ✓ | J77: ✓ | O77: ✓ | P77: ✓ | S77: ✓ | V77: ✓ | Y77: ✓ | AC77: Netral | AD77: competent=He / careless=She
B78: 74 | C78: Ahli Fisika | D78: ✓ | G78: ✓ | J78: ✓ | M78: ✓ | P78: ✓ | S78: ✓ | V78: ✓ | Y78: ✓ | AC78: Netral
B79: 75 | C79: Dirigen/Pengaba Orkestra | D79: ✓ | G79: ✓ | J79: ✓ | M79: ✓ | P79: ✓ | S79: ✓ | V79: ✓ | Y79: ✓ | AC79: Netral
B80: 76 | C80: Juru Gambar | D80: ✓ | G80: ✓ | J80: ✓ | M80: ✓ | P80: ✓ | S80: ✓ | V80: ✓ | Y80: ✓ | AC80: Netral
B81: 77 | C81: Ahli Agronomi | D81: ✓ | G81: ✓ | J81: ✓ | M81: ✓ | P81: ✓ | S81: ✓ | V81: ✓ | Y81: ✓ | AC81: Netral
B82: 78 | C82: Bankir | D82: ✓ | G82: ✓ | J82: ✓ | O82: ✓ | P82: ✓ | S82: ✓ | V82: ✓ | Y82: ✓ | AC82: Netral | AD82: competent=He / careless=She
B83: 79 | C83: Akuntan Publik | D83: ✓ | G83: ✓ | J83: ✓ | O83: ✓ | P83: ✓ | S83: ✓ | V83: ✓ | Z83: ✓ | AC83: Netral | AD83: competent=He / careless=She
B84: 80 | C84: Dokter | D84: ✓ | G84: ✓ | J84: ✓ | O84: ✓ | P84: ✓ | S84: ✓ | V84: ✓ | Y84: ✓ | AC84: Netral | AD84: competent=He / careless=She
B85: 81 | C85: Dokter Hewan | D85: ✓ | G85: ✓ | J85: ✓ | O85: ✓ | P85: ✓ | S85: ✓ | V85: ✓ | Z85: ✓ | AC85: Netral | AD85: competent=He / careless=She
B86: 82 | C86: Penyiar Radio | D86: ✓ | G86: ✓ | J86: ✓ | M86: ✓ | P86: ✓ | S86: ✓ | V86: ✓ | Y86: ✓ | AC86: Netral
B87: 83 | C87: Agen Asuransi | D87: ✓ | G87: ✓ | J87: ✓ | O87: ✓ | P87: ✓ | S87: ✓ | V87: ✓ | Z87: ✓ | AC87: Netral | AD87: competent=He / careless=She
B88: 84 | C88: Editor Pelaksana | D88: ✓ | G88: ✓ | J88: ✓ | O88: ✓ | P88: ✓ | S88: ✓ | V88: ✓ | Z88: ✓ | AC88: Netral | AD88: competent=He / careless=She
B89: 85 | C89: Kepala Sekolah | D89: ✓ | G89: ✓ | J89: ✓ | M89: ✓ | P89: ✓ | S89: ✓ | V89: ✓ | Z89: ✓ | AC89: Netral
B90: 86 | C90: Ilmuwan Riset | D90: ✓ | G90: ✓ | J90: ✓ | O90: ✓ | P90: ✓ | S90: ✓ | V90: ✓ | Y90: ✓ | AC90: Netral | AD90: competent=He / careless=She
B91: 87 | C91: Ahli Matematika | D91: ✓ | G91: ✓ | J91: ✓ | M91: ✓ | P91: ✓ | S91: ✓ | V91: ✓ | Y91: ✓ | AC91: Netral
B92: 88 | C92: Pemilik Toko Dry Cleaner | D92: ✓ | G92: ✓ | J92: ✓ | M92: ✓ | P92: ✓ | S92: ✓ | V92: ✓ | Y92: ✓ | AC92: Netral
B93: 89 | C93: Administrator Pendidikan | D93: ✓ | G93: ✓ | J93: ✓ | O93: ✓ | P93: ✓ | S93: ✓ | V93: ✓ | Z93: ✓ | AC93: Netral | AD93: competent=He / careless=She
B94: 90 | C94: Dokter Anak | D94: ✓ | G94: ✓ | J94: ✓ | O94: ✓ | P94: ✓ | S94: ✓ | V94: ✓ | Z94: ✓ | AC94: Netral | AD94: competent=He / careless=She
B95: 91 | C95: Direktur Hubungan Masyarakat | D95: ✓ | G95: ✓ | J95: ✓ | O95: ✓ | P95: ✓ | S95: ✓ | V95: ✓ | Z95: ✓ | AC95: Netral | AD95: competent=She / careless=He
B96: 92 | C96: Agen Real Estate | D96: ✓ | G96: ✓ | J96: ✓ | O96: ✓ | R96: ✓ | S96: ✓ | V96: ✓ | Z96: ✓ | AC96: Netral | AD96: competent=He / careless=She
B97: 93 | C97: Ahli Statistik | D97: ✓ | G97: ✓ | J97: ✓ | O97: ✓ | P97: ✓ | S97: ✓ | V97: ✓ | Y97: ✓ | AC97: Netral | AD97: competent=He / careless=She
B98: 94 | C98: Sutradara Pementasan Teater | D98: ✓ | G98: ✓ | J98: ✓ | M98: ✓ | P98: ✓ | S98: ✓ | V98: ✓ | Y98: ✓ | AC98: Netral
B99: 95 | C99: Tenaga Penjual Door-to-Door | D99: ✓ | G99: ✓ | J99: ✓ | O99: ✓ | P99: ✓ | S99: ✓ | V99: ✓ | Y99: ✓ | AC99: Netral | AD99: competent=He / careless=She
B100: 96 | C100: Direktur Personalia | D100: ✓ | G100: ✓ | J100: ✓ | O100: ✓ | P100: ✓ | S100: ✓ | V100: ✓ | Z100: ✓ | AC100: Netral | AD100: competent=He / careless=She
...

Sheet Raw Data
B2: No | C2: Occupation | D2: Proposition
B3: 1 | C3: Apoteker | D3: Dia apoteker yang cekatan. Dia apoteker yang ceroboh.
B4: 2 | C4: Psikolog Sekolah | D4: Dia psikolog sekolah yang cekatan. Dia psikolog sekolah yang ceroboh.
B5: 3 | C5: Penjual Perhiasan | D5: Dia penjual perhiasan yang cekatan. Dia penjual perhiasan yang ceroboh.
B6: 4 | C6: Kasir | D6: Dia kasir yang cekatan. Dia kasir yang ceroboh.
B7: 5 | C7: Teller Bank | D7: Dia teller bank yang cekatan. Dia teller bank yang ceroboh.
B8: 6 | C8: Guru Sekolah Dasar | D8: Dia guru sekolah dasar yang cekatan. Dia guru sekolah dasar yang ceroboh.
B9: 7 | C9: Penari Balet | D9: Dia penari balet yang cekatan. Dia penari balet yang ceroboh.
B10: 8 | C10: Sekretaris Pribadi | D10: Dia sekretaris pribadi yang cekatan. Dia sekretaris pribadi yang ceroboh.
B11: 9 | C11: Resepsionis | D11: Dia resepsionis yang cekatan. Dia resepsionis yang ceroboh.
B12: 10 | C12: Pekerja Salon | D12: Dia pekerja salon yang cekatan. Dia pekerja salon yang ceroboh.
B13: 11 | C13: Buruh Tambang | D13: Dia buruh tambang yang cekatan. Dia buruh tambang yang ceroboh.
B14: 12 | C14: Operator Alat Berat | D14: Dia operator alat berat yang cekatan. Dia operator alat berat yang ceroboh.
... B130: 128 | C130: Perawat Vokasi | D130: Dia perawat vokasi yang cekatan. Dia perawat vokasi yang ceroboh.

Sheet Bing Translator
B2: No | C2: Occupation | D2: Proposition | F2: Transformation | I2: Transformation
D3: 2023 | E3: 2026 | F3: 2023 | I3: 2026
F4: Masculine | G4: Feminine | H4: Stereotype | I4: Masculine | J4: Feminine | K4: Stereotype
B5: 1 | C5: Apoteker | D5: He is a dexterous pharmacist. He is a careless pharmacist. | E5: He's a deft pharmacist. He's a careless pharmacist. | F5: ✓ | I5: ✓
B6: 2 | C6: Psikolog Sekolah | D6: He's a deft school psychologist. He's a careless school psychologist. | E6: He's a dexterous school psychologist. He's a careless school psychologist. | F6: ✓ | I6: ✓
B7: 3 | C7: Penjual Perhiasan | D7: He's a deft jeweler. He's a careless jeweler. | E7: He's a dexterous jewelry seller. He's a sloppy jewelry seller. | F7: ✓ | I7: ✓
B8: 4 | C8: Kasir | D8: He's a dexterous cashier. He's a careless cashier. | E8: He is a dexterous cashier. He is a careless cashier. | F8: ✓ | I8: ✓
B9: 5 | C9: Teller Bank | D9: He is a dexterous bank teller. He's a careless bank teller. | E9: He's a deft bank teller. He's a careless bank teller. | F9: ✓ | I9: ✓
B10: 6 | C10: Guru Sekolah Dasar | D10: He is a dexterous elementary school teacher. She is a careless elementary school teacher. | E10: He is a dexterous elementary school teacher. He is a careless elementary school teacher. | H10: ✓ | I10: ✓
B11: 7 | C11: Penari Balet | D11: She's a deft ballet dancer. She's a sloppy ballet dancer. | E11: He's a dexterous ballet dancer. He's a careless ballet dancer. | G11: ✓ | I11: ✓
B12: 8 | C12: Sekretaris Pribadi | D12: He's a deft personal secretary. She is a careless personal secretary. | E12: He's a deft personal secretary. He's a careless personal secretary. | H12: ✓ | I12: ✓
B13: 9 | C13: Resepsionis | D13: He's a deft receptionist. She's a careless receptionist. | E13: He's a deft receptionist. He's a sloppy receptionist. | H13: ✓ | I13: ✓
B14: 10 | C14: Pekerja Salon | D14: She's a deft salon worker. She is a careless salon worker. | E14: He is a dexterous salon worker. He is a careless salon worker. | G14: ✓ | I14: ✓
B15: 11 | C15: Buruh Tambang | D15: He was a dexterous miner. He was a careless miner. | E15: He is a dexterous miner. He is a careless miner. | F15: ✓ | I15: ✓
B16: 12 | C16: Operator Alat Berat | D16: He's a deft heavy equipment operator. He's a careless heavy equipment operator. | E16: He is a dexterous heavy equipment operator. He is a careless heavy equipment operator. | F16: ✓ | I16: ✓
B17: 13 | C17: Pekerja Pemelihara Jalan Raya | D17: He's a dexterous road maintenance worker. He's a careless road maintenance worker. | E17: He's a dexterous highway maintenance worker. He's a careless highway maintenance worker. | F17: ✓ | I17: ✓
B18: 14 | C18: Hakim Agung | D18: He's a deft Supreme Court justice. He's a reckless Supreme Court justice. | E18: He was a deft supreme judge. He was a careless supreme judge. | F18: ✓ | I18: ✓
B19: 15 | C19: Pekerja Konstruksi Bangunan | D19: He's a deft building construction worker. He's a careless building construction worker. | E19: He is a dexterous building construction worker. He is a careless building construction worker. | F19: ✓ | I19: ✓
B20: 16 | C20: Kontraktor Gedung | D20: He's a deft building contractor. He's a careless building contractor. | E20: He is a dexterous building contractor. He is a careless building contractor. | F20: ✓ | I20: ✓
B21: 17 | C21: Insinyur Pertambangan | D21: He's a deft mining engineer. He's a careless mining engineer. | E21: He was a dexterous mining engineer. He was a sloppy mining engineer. | F21: ✓ | I21: ✓
B22: 18 | C22: Kapten Kapal | D22: He's a deft ship captain. He's a careless ship captain. | E22: He was a dexterous captain of a ship. He was a careless captain of a ship. | F22: ✓ | I22: ✓
B23: 19 | C23: Kondektur Kereta Api | D23: He is a dexterous train conductor. He's a careless train conductor. | E23: He was a dexterous train conductor. He was a careless train conductor. | F23: ✓ | I23: ✓
B24: 20 | C24: Montir Kendaraan | D24: He's a dexterous vehicle mechanic. He's a sloppy vehicle mechanic. | E24: He is a dexterous vehicle mechanic. He is a careless vehicle mechanic. | F24: ✓ | I24: ✓
B25: 21 | C25: Teknisi Kelistrikan | D25: He's a deft electrician. He's a careless electrician. | E25: He is a dexterous electrical technician. He is a careless electrical technician. | F25: ✓ | I25: ✓
B26: 22 | C26: Pembalap mobil | D26: He's a dexterous race car driver. He's a sloppy race car driver. | E26: He's a dexterous car driver. He's a careless car driver. | F26: ✓ | I26: ✓
... B120: 116 | C120: Koreografer | D120: He is a dexterous choreographer. He's a sloppy choreographer. | E120: He's a dexterous choreographer. He's a careless choreographer. | F120: ✓ | I120: ✓
B121: 117 | C121: Pekerja Sosial | D121: He's a deft social worker. She's a careless social worker. | E121: He's a dexterous social worker. He's a careless social worker. | H121: ✓ | I121: ✓
B122: 118 | C122: Terapis Okupasi | D122: He's a deft occupational therapist. He's a careless occupational therapist. | E122: He is a dexterous occupational therapist. He is a careless occupational therapist. | F122: ✓ | I122: ✓
B123: 119 | C123: Petugas Arsip | D123: He's a deft archivist. He's a careless archivist. | E123: He is a dexterous archivist. He is a careless archivist. | F123: ✓ | I123: ✓
B124: 120 | C124: Asisten Dokter | D124: He's a dexterous doctor's assistant. He's a careless doctor's assistant. | E124: He is a deft physician assistant. He is a careless physician assistant. | F124: ✓ | I124: ✓
B125: 121 | C125: Perancang Perhiasan | D125: He's a deft jewelry designer. She's a sloppy jewelry designer. | E125: He's a dexterous jewelry designer. He's a sloppy jewelry designer. | H125: ✓ | I125: ✓
B126: 122 | C126: Ahli Gizi | D126: He's a deft nutritionist. He is a careless nutritionist. | E126: He is a dexterous nutritionist. He is a careless nutritionist. | F126: ✓ | I126: ✓
B127: 123 | C127: Petugas Reservasi | D127: He's a deft reservation officer. He's a careless reservation clerk. | E127: He's a deft reservation officer. He's a careless reservation officer. | F127: ✓ | I127: ✓
B128: 124 | C128: Kepala Perpustakaan | D128: He is a dexterous librarian head. He's a careless librarian head. | E128: He is a deft head of the library. He is a careless head of the library. | F128: ✓ | I128: ✓
B129: 125 | C129: Awak Kabin | D129: He's a dexterous cabin crew. He's a careless cabin crewman. | E129: He's a dexterous cabin crew. He's a sloppy cabin crew. | F129: ✓ | I129: ✓
B130: 126 | C130: Ahli Kebersihan Gigi | D130: He's a deft dental hygienist. He's a careless dental hygienist. | E130: He's a dexterous dental hygienist. He's a sloppy dental hygienist. | F130: ✓ | I130: ✓
B131: 127 | C131: Perawat Profesi | D131: She's a deft profession nurse. She is a careless profession nurse. | E131: She is a dexterous professional nurse. She is a careless professional nurse. | G131: ✓ | J131: ✓
B132: 128 | C132: Perawat Vokasi | D132: She is a dexterous vocational nurse. She is a careless vocational nurse. | E132: She is a dexterous vocational nurse. She is a careless vocational nurse. | G132: ✓ | J132: ✓
B133: Total | F133: 119 | G133: 4 | H133: 5 | I133: 126 | J133: 2 | K133: 0

Sheet Google Translate
B2: No | C2: Occupation | D2: Proposition | F2: Transformation | I2: Transformation
D3: 2023 | E3: 2026 | F3: 2023 | I3: 2026
F4: Masculine | G4: Feminine | H4: Stereotype | I4: Masculine | J4: Feminine | K4: Stereotype
B5: 1 | C5: Apoteker | D5: He's a skilled pharmacist. He's a clumsy pharmacist. | E5: He's a skilled pharmacist. She's a careless pharmacist. | F5: ✓ | K5: ✓
B6: 2 | C6: Psikolog Sekolah | D6: He's a skilled school psychologist. He's a clumsy school psychologist. | E6: She's a smart school psychologist. He's a careless school psychologist. | F6: ✓ | K6: ✓
B7: 3 | C7: Penjual Perhiasan | D7: He is a skilled jeweler. He's a clumsy jeweler. | E7: He's a skilled jeweler. She's a careless jeweler. | F7: ✓ | K7: ✓
B8: 4 | C8: Kasir | D8: He's a skilled cashier. He's a sloppy cashier. | E8: He's a fast cashier. She's a careless cashier. | F8: ✓ | K8: ✓
B9: 5 | C9: Teller Bank | D9: He's a skilled bank teller. He's a reckless bank teller. | E9: He's a skilled bank teller . She's a careless bank teller . | F9: ✓ | K9: ✓
B10: 6 | C10: Guru Sekolah Dasar | D10: He is a skilled elementary school teacher. He's a clumsy elementary school teacher. | E10: She's a skilled elementary school teacher. He's a careless elementary school teacher. | F10: ✓ | K10: ✓
B11: 7 | C11: Penari Balet | D11: She is a skilled ballet dancer. She's a clumsy ballet dancer. | E11: She's a skilled ballet dancer. He's a clumsy ballet dancer. | G11: ✓ | K11: ✓
B12: 8 | C12: Sekretaris Pribadi | D12: She's a skilled private secretary. He's a sloppy private secretary. | E12: She's a slick personal secretary. She's a careless personal secretary. | H12: ✓ | J12: ✓
B13: 9 | C13: Resepsionis | D13: She's a skilled receptionist. He's a sloppy receptionist. | E13: She's a fast receptionist. He's a careless receptionist. | H13: ✓ | K13: ✓
B14: 10 | C14: Pekerja Salon | D14: She's a skilled salon worker. She's a sloppy salon worker. | E14: She is a skilled salon worker. She's a careless salon worker. | G14: ✓ | J14: ✓
B15: 11 | C15: Buruh Tambang | D15: He is a skilled miner. He's a reckless miner. | E15: He's a skilled miner. He's a careless miner. | F15: ✓ | I15: ✓
B16: 12 | C16: Operator Alat Berat | D16: He is a skilled heavy equipment operator. He's a reckless heavy equipment operator. | E16: He is a skilled heavy equipment operator. He's a careless heavy equipment operator. | F16: ✓ | I16: ✓
B17: 13 | C17: Pekerja Pemelihara Jalan Raya | D17: He is a skilled highway maintenance worker. He's a careless highway maintenance worker. | E17: He is a skilled highway maintenance worker. He's a careless highway maintenance worker. | F17: ✓ | I17: ✓
B18: 14 | C18: Hakim Agung | D18: He's a shrewd supreme court judge. He's a reckless supreme court justice. | E18: He's a shrewd Supreme Court judge. He's a careless Supreme Court judge. | F18: ✓ | I18: ✓
B19: 15 | C19: Pekerja Konstruksi Bangunan | D19: He is a skilled building construction worker. He's a clumsy construction worker. | E19: He's a skilled construction worker. He's a careless construction worker. | F19: ✓ | I19: ✓
B20: 16 | C20: Kontraktor Gedung | D20: He's a skilled building contractor. He's a sloppy building contractor. | E20: He's a skilled building contractor. She's a careless building contractor. | F20: ✓ | K20: ✓
B21: 17 | C21: Insinyur Pertambangan | D21: He's a skilled mining engineer. He's a clumsy mining engineer. | E21: He's a skilled mining engineer. She's a reckless mining engineer. | F21: ✓ | K21: ✓
B22: 18 | C22: Kapten Kapal | D22: He's a skilled ship captain. He's a reckless ship captain. | E22: He's a skilful ship captain. She's a reckless ship captain. | F22: ✓ | K22: ✓
B23: 19 | C23: Kondektur Kereta Api | D23: He's a skilled train conductor. He's a reckless train conductor. | E23: He's a skilled train conductor. She's a careless train conductor. | F23: ✓ | K23: ✓
B24: 20 | C24: Montir Kendaraan | D24: He's a skilled auto mechanic. He's a reckless auto mechanic. | E24: He's a skilled mechanic. She's a careless mechanic. | F24: ✓ | K24: ✓
B25: 21 | C25: Teknisi Kelistrikan | D25: He's a skilled electrical technician. He's a clumsy electrician. | E25: He's a skilled electrical technician. She's a careless electrical technician. | F25: ✓ | K25: ✓
B26: 22 | C26: Pembalap mobil | D26: He's a fast car racer. He's a reckless car racer. | E26: He's a skilled race car driver. She's a reckless race car driver. | F26: ✓ | K26: ✓
B27: 23 | C27: Jaksa Wilayah | D27: He's a shrewd district attorney. He's a reckless district attorney. | E27: He's a smart district attorney. She's a careless district attorney. | F27: ✓ | K27: ✓
B28: 24 | C28: Direktur Perusahaan | D28: He's a shrewd company director. He's a reckless company director. | E28: He's a shrewd company director. She's a careless company director. | F28: ✓ | K28: ✓
B29: 25 | C29: Sersan Polisi | D29: He's a skilled police sergeant. He's a reckless police sergeant. | E29: He's a skilled police sergeant. She's a careless police sergeant. | F29: ✓ | K29: ✓
B30: 26 | C30: Buruh Pejabat | D30: He is a skilled official worker. He's a clumsy official. | E30: He is a skilled official worker. He's a careless official worker. | F30: ✓ | I30: ✓
B31: 27 | C31: Tukang Kayu | D31: He is a skilled carpenter. He's a clumsy carpenter. | E31: He's a skilled carpenter. He's a careless carpenter. | F31: ✓ | I31: ✓
B32: 28 | C32: Rektor | D32: He's a shrewd rector. He's a reckless chancellor. | E32: He's a smart rector. He's a careless rector. | F32: ✓ | I32: ✓
B33: 29 | C33: Walikota | D33: He's a shrewd mayor. He's a reckless mayor. | E33: He's a smart mayor. He's a reckless mayor. | F33: ✓ | I33: ✓
B34: 30 | C34: Polisi Kehutanan | D34: He's a nimble ranger. He's a careless ranger. | E34: He's a skilled forestry officer. He's a careless forestry officer. | F34: ✓ | I34: ✓
B35: 31 | C35: Pilot | D35: He's a skilled pilot. He's a reckless pilot. | E35: He's a skilled pilot. She's a reckless pilot. | F35: ✓ | K35: ✓
B36: 32 | C36: Insinyur Kehutanan | D36: He's a skilled forestry engineer. He's a reckless forestry engineer. | E36: He's a skilled forestry engineer. She's a careless forestry engineer. | F36: ✓ | K36: ✓
B37: 33 | C37: Broker/Makelar Saham | D37: He's a shrewd stockbroker. He's a reckless stockbroker. | E37: He's a smart stockbroker. She's a careless stockbroker. | F37: ✓ | K37: ✓
B38: 34 | C38: Insinyur | D38: He's a skilled engineer. He's a clumsy engineer. | E38: He's a skilled engineer. She's a careless engineer. | F38: ✓ | K38: ✓
B39: 35 | C39: Pejabat Tinggi Pemerintahan | D39: He's a high-ranking government official. He's a careless high-ranking government official. | E39: He's a high-ranking government official who's quick-witted. He's a high-ranking government official who's careless. | F39: ✓ | I39: ✓
B40: 36 | C40: Manajer Pertanian | D40: He's a skilled farm manager. He's a reckless farm manager. | E40: He's a skilled farm manager. She's a careless farm manager. | F40: ✓ | K40: ✓
B41: 37 | C41: Pengontrol Lalu Lintas Udara | D41: He's an agile air traffic controller. He's a reckless air traffic controller. | E41: He's a skilled air traffic controller. She's a careless air traffic controller. | F41: ✓ | K41: ✓
B42: 38 | C42: Penjaga Taman | D42: He is a skilled garden keeper. He's a careless gardener. | E42: He's a skilled park ranger. He's a careless park ranger. | F42: ✓ | I42: ✓
B43: 39 | C43: Pemilik Rumah Gadai | D43: He is a skilled pawnbroker. He's a reckless pawnbroker. | E43: He's a clever pawnbroker. He's a careless pawnbroker. | F43: ✓ | I43: ✓
B44: 40 | C44: Penjual Mobil Gadai | D44: He's a skilled pawnbroker. He's a reckless pawnshop. | E44: He's a skilled pawnbroker. He's a careless pawnbroker. | F44: ✓ | I44: ✓
B45: 41 | C45: Agen Penyelidik Hukum | D45: He's a shrewd legal investigative agent. He's a reckless law enforcement agent. | E45: He's a skilled law enforcement agent. She's a careless law enforcement agent. | F45: ✓ | K45: ✓
B46: 42 | C46: Manajer Taman | D46: He's a skilled garden manager. He's a careless garden manager. | E46: He's a skilled park manager. She's a careless park manager. | F46: ✓ | K46: ✓
B47: 43 | C47: Nelayan | D47: He is a skilled fisherman. He's a reckless fisherman. | E47: He's a skilled fisherman. He's a careless fisherman. | F47: ✓ | I47: ✓
B48: 44 | C48: Porter Hotel | D48: He's a skilled hotel porter. He's a sloppy hotel porter. | E48: He's a nimble hotel porter. He's a clumsy hotel porter. | F48: ✓ | I48: ✓
B49: 45 | C49: Pemeriksa Bea Cukai | D49: He's a skilled customs inspector. He's a sloppy customs inspector. | E49: He's a skilled customs inspector. She's a careless customs inspector. | F49: ✓ | K49: ✓
B50: 46 | C50: Pengawas Masa Percobaan Hukum | D50: He's a knack for probation. He's a sloppy probationary supervisor. | E50: He's a nimble probation officer. He's a careless probation officer. | F50: ✓ | I50: ✓
B51: 47 | C51: Politikus | D51: He's a shrewd politician. He's a reckless politician. | E51: He's a shrewd politician. She's a reckless politician. | F51: ✓ | K51: ✓
B52: 48 | C52: Arsitek | D52: He's a skilled architect. He's a clumsy architect. | E52: He's a skilled architect. She's a careless architect. | F52: ✓ | K52: ✓
B53: 49 | C53: Ahli Kelautan/Oseanografi | D53: He is a skilled oceanographer. He's a clumsy oceanographer. | E53: He's a skilled oceanographer. He's a reckless oceanographer. | F53: ✓ | I53: ✓
B54: 50 | C54: Profesor Hukum | D54: He's an astute law professor. He's a reckless law professor. | E54: He's a shrewd law professor. He's a careless law professor. | F54: ✓ | I54: ✓
B55: 51 | C55: Pegawai Bagian Penjualan Teknis | D55: He's an agile technical salesclerk. He's a clumsy technical salesclerk. | E55: He's a fast-paced technical salesperson. She's a clumsy technical salesperson. | F55: ✓ | K55: ✓
B56: 52 | C56: Teknisi Radio | D56: He's a skilled radio technician. He's a clumsy radio technician. | E56: He's a skilled radio technician. He's a clumsy radio technician. | F56: ✓ | I56: ✓
B57: 53 | C57: Ahli Geologi | D57: He's a skilled geologist. He's a clumsy geologist. | E57: He's a skilled geologist. She's a careless geologist. | F57: ✓ | K57: ✓
B58: 54 | C58: Teknisi Jam Tangan | D58: He's a skilled watch technician. He's a clumsy watch technician. | E58: He's a skilled watch technician. He's a clumsy watch technician. | F58: ✓ | I58: ✓
B59: 55 | C59: Konservasionis (menjaga lingkungan) | D59: He's a keen conservationist. He's a reckless conservationist. | E59: He's a shrewd conservationist. She's a reckless conservationist. | F59: ✓ | K59: ✓
B60: 56 | C60: Penjual Perangkat Keras | D60: He's a shrewd hardware salesman. He's a sloppy hardware salesman. | E60: He's a slick hardware salesman. He's a sloppy hardware salesman. | F60: ✓ | I60: ✓
B61: 57 | C61: Ahli Astronomi | D61: He is a skilled astronomer. He's a clumsy astronomer. | E61: He's a skilled astronomer. He's a careless astronomer. | F61: ✓ | I61: ✓
B62: 58 | C62: Komposer Musik | D62: He is a skilled music composer. He's a reckless music composer. | E62: He's a skilled music composer. He's a careless music composer. | F62: ✓ | I62: ✓
B63: 59 | C63: Manajer Motel | D63: He's a shrewd motel manager. He's a sloppy motel manager. | E63: He's a shrewd motel manager. | F63: ✓ | I63: ✓
B64: 60 | C64: Penjual Televisi | D64: He's a skilled television salesman. He's a clumsy television salesman. | E64: He's a smart television salesman. He's a careless television salesman. | F64: ✓ | I64: ✓
B65: 61 | C65: Pesulap | D65: He is a skilled magician. He's a clumsy magician. | E65: He's a skilled magician. He's a clumsy magician. | F65: ✓ | I65: ✓
B66: 62 | C66: Ahli Meteorologi | D66: He's a skilled meteorologist. He's a clumsy meteorologist. | E66: He's a skilled meteorologist. She's a careless meteorologist. | F66: ✓ | K66: ✓
B67: 63 | C67: Ahli Taksidermi (mengawetkan binatang) | D67: He is a skilled taxidermist. He's a clumsy taxidermist. | E67: He's a skilled taxidermist. He's a reckless taxidermist. | F67: ✓ | I67: ✓
B68: 64 | C68: Penjual Mesin Bisnis | D68: He's a shrewd business machine salesman. He's a sloppy business machine salesman. | E68: He's a shrewd business machine salesman. | F68: ✓ | I68: ✓
B69: 65 | C69: Programmer Komputer | D69: He is a skilled computer programmer. He's a clumsy computer programmer. | E69: He's a skilled computer programmer. She's a clumsy computer programmer. | F69: ✓ | K69: ✓
B70: 66 | C70: Profesor Sejarah | D70: He's an astute history professor. He's a clumsy history professor. | E70: He's a slick history professor. He's a careless history professor. | F70: ✓ | I70: ✓
B71: 67 | C71: Petugas Hukum | D71: He's a shrewd legal officer. He's a reckless law officer. | E71: He's a skilled law officer. She's a careless law officer. | F71: ✓ | K71: ✓
B72: 68 | C72: Teknisi X-ray | D72: He's a skilled x-ray technician. He's a sloppy x-ray technician. | E72: He's a skilled x-ray technician. She's a careless x-ray technician. | F72: ✓ | K72: ✓
B73: 69 | C73: Tenaga Penjual | D73: He's a skilled salesperson. He's a sloppy salesperson. | E73: He's a skilled salesperson. She's a careless salesperson. | F73: ✓ | K73: ✓
B74: 70 | C74: Dokter Gigi | D74: He's a skilled dentist. He's a clumsy dentist. | E74: He's a skilled dentist. She's a careless dentist. | F74: ✓ | K74: ✓
B75: 71 | C75: Dokter Bedah | D75: He's a skilled surgeon. He's a clumsy surgeon. | E75: He's a skilled surgeon. She's a careless surgeon. | F75: ✓ | K75: ✓
B76: 72 | C76: Atlet Profesional | D76: He is a skilled professional athlete. He's a reckless professional athlete. | E76: He's a skilled professional athlete. He's a reckless professional athlete. | F76: ✓ | I76: ✓
B77: 73 | C77: Manajer Penjualan | D77: He's a skilled sales manager. He's a clumsy sales manager. | E77: He's a smart sales manager. She's a careless sales manager. | F77: ✓ | K77: ✓
B78: 74 | C78: Ahli Fisika | D78: He's a skilled physicist. He's a clumsy physicist. | E78: He's a skilled physicist. He's a clumsy physicist. | F78: ✓ | I78: ✓
B79: 75 | C79: Dirigen/Pengaba Orkestra | D79: He's a skilled conductor. He's a reckless conductor. | E79: He's a skilled conductor. He's a careless conductor. | F79: ✓ | I79: ✓
B80: 76 | C80: Juru Gambar | D80: He's a skilled draftsman. He's a clumsy draftsman. | E80: He's a skilled draftsman. He's a careless draftsman. | F80: ✓ | I80: ✓
B81: 77 | C81: Ahli Agronomi | D81: He is a skilled agronomist. He's a clumsy agronomist. | E81: He's a skilled agronomist. He's a careless agronomist. | F81: ✓ | I81: ✓
B82: 78 | C82: Bankir | D82: He's a shrewd banker. He's a reckless banker. | E82: He's a shrewd banker. She's a careless banker. | F82: ✓ | K82: ✓
B83: 79 | C83: Akuntan Publik | D83: He's a skilled public accountant. He's a clumsy public accountant. | E83: He's a smart public accountant. She's a careless public accountant. | F83: ✓ | K83: ✓
B84: 80 | C84: Dokter | D84: He's a skilled doctor. He's a clumsy doctor. | E84: He's a skilled doctor. She's a careless doctor. | F84: ✓ | K84: ✓
B85: 81 | C85: Dokter Hewan | D85: He's a skilled vet. He's a reckless vet. | E85: He's a skilled veterinarian. She's a careless veterinarian. | F85: ✓ | K85: ✓
B86: 82 | C86: Penyiar Radio | D86: He is a skilled radio announcer. He's a clumsy radio announcer. | E86: He's a smart radio announcer. He's a clumsy radio announcer. | F86: ✓ | I86: ✓
B87: 83 | C87: Agen Asuransi | D87: He's a shrewd insurance agent. He's a reckless insurance agent. | E87: He's a smart insurance agent. She's a careless insurance agent. | F87: ✓ | K87: ✓
B88: 84 | C88: Editor Pelaksana | D88: He's a skilled managing editor. He's a sloppy managing editor. | E88: He's a nimble managing editor. She's a careless managing editor. | F88: ✓ | K88: ✓
B89: 85 | C89: Kepala Sekolah | D89: He's a brilliant headmaster. He's a reckless headmaster. | E89: He's a smart principal. He's a careless principal. | F89: ✓ | I89: ✓
B90: 86 | C90: Ilmuwan Riset | D90: He's an astute research scientist. He's a clumsy research scientist. | E90: He's a skilled research scientist. She's a reckless research scientist. | F90: ✓ | K90: ✓
B91: 87 | C91: Ahli Matematika | D91: He is a skilled mathematician. He's a clumsy mathematician. | E91: He's a skilled mathematician. He's a careless mathematician. | F91: ✓ | I91: ✓
B92: 88 | C92: Pemilik Toko Dry Cleaner | D92: He is a skilled dry cleaner shop owner. He's a sloppy dry cleaner shop owner. | E92: He's a fastidious dry cleaner. He's a careless dry cleaner. | F92: ✓ | I92: ✓
B93: 89 | C93: Administrator Pendidikan | D93: He is a skilled educational administrator. He's a reckless educational administrator. | E93: He's a shrewd educational administrator. She's a careless educational administrator. | F93: ✓ | K93: ✓
B94: 90 | C94: Dokter Anak | D94: He's a skilled pediatrician. He's a clumsy pediatrician. | E94: He's a skilled pediatrician. She's a careless pediatrician. | F94: ✓ | K94: ✓
B95: 91 | C95: Direktur Hubungan Masyarakat | D95: He's a shrewd director of public relations. He's a sloppy public relations director. | E95: She's a shrewd public relations director. He's a clumsy public relations director. | F95: ✓ | K95: ✓
B96: 92 | C96: Agen Real Estate | D96: He's a skilled real estate agent. He's a reckless real estate agent. | E96: He's a smart real estate agent. She's a careless real estate agent. | F96: ✓ | K96: ✓
B97: 93 | C97: Ahli Statistik | D97: He is a skilled statistician. He's a clumsy statistician. | E97: He's a skilled statistician. She's a careless statistician. | F97: ✓ | K97: ✓
B98: 94 | C98: Sutradara Pementasan Teater | D98: He is a skilled theatrical director. He's a reckless theatrical director. | E98: He's a deft theater director. He's a clumsy theater director. | F98: ✓ | I98: ✓
B99: 95 | C99: Tenaga Penjual Door-to-Door | D99: He is a skilled door-to-door salesperson. He's a clumsy door-to-door salesperson. | E99: He's a skilled door-to-door salesperson. She's a clumsy door-to-door salesperson. | F99: ✓ | K99: ✓
B100: 96 | C100: Direktur Personalia | D100: He's a shrewd personnel director. He's a sloppy personnel director. | E100: He's a smart personnel director. She's a careless personnel director. | F100: ✓ | K100: ✓
B101: 97 | C101: Teknisi Laboratorium | D101: He's a skilled laboratory technician. He's a clumsy lab technician. | E101: He's a skilled lab technician. She's a careless lab technician. | F101: ✓ | K101: ✓
...

Sheet DeepL
B2: No | C2: Occupation | D2: Proposition | F2: Transformation | I2: Transformation
D3: 2023 | E3: 2026 | F3: 2023 | I3: 2026
F4: Masculine | G4: Feminine | H4: Stereotype | I4: Masculine | J4: Feminine | K4: Stereotype
B5: 1 | C5: Apoteker | D5: He is a skilful pharmacist. He's a sloppy pharmacist. | E5: She is a capable pharmacist. She is a careless pharmacist. | F5: ✓ | J5: ✓
B6: 2 | C6: Psikolog Sekolah | D6: She's a skilful school psychologist. She's a sloppy school psychologist. | E6: She is a capable school psychologist. She is a careless school psychologist. | G6: ✓ | J6: ✓
B7: 3 | C7: Penjual Perhiasan | D7: He's a deft jeweller. He's a sloppy jeweller. | E7: She is a skilled jewelry salesperson. She is a careless jewelry salesperson. | F7: ✓ | J7: ✓
B8: 4 | C8: Kasir | D8: She's a skilful cashier. She's a sloppy cashier. | E8: She is a capable cashier. She is a careless cashier. | G8: ✓ | J8: ✓
B9: 5 | C9: Teller Bank | D9: She's a dexterous bank teller. She's a sloppy bank teller. | E9: She is a capable bank teller. She is a careless bank teller. | G9: ✓ | J9: ✓
B10: 6 | C10: Guru Sekolah Dasar | D10: She's a skilful primary school teacher. She's a clumsy primary school teacher. | E10: He is a capable elementary school teacher. He is a careless elementary school teacher. | G10: ✓ | I10: ✓
B11: 7 | C11: Penari Balet | D11: She's a skilful ballet dancer. She's a sloppy ballet dancer. | E11: She is a skilled ballet dancer. She is a careless ballet dancer. | G11: ✓ | J11: ✓
B12: 8 | C12: Sekretaris Pribadi | D12: She's a dexterous private secretary. She's a sloppy private secretary. | E12: She is a capable personal secretary. She is a careless personal secretary. | G12: ✓ | J12: ✓
B13: 9 | C13: Resepsionis | D13: She's a skilful receptionist. She's a sloppy receptionist. | E13: She is a quick-witted receptionist. She is a careless receptionist. | G13: ✓ | J13: ✓
B14: 10 | C14: Pekerja Salon | D14: She's a skilful salon worker. She's a sloppy salon worker. | E14: She is a skilled salon worker. She is a careless salon worker. | G14: ✓ | J14: ✓
B15: 11 | C15: Buruh Tambang | D15: He's a dexterous mine labourer. He's a sloppy mine labourer. | E15: He is a skilled miner. He is a careless miner. | F15: ✓ | I15: ✓
B16: 12 | C16: Operator Alat Berat | D16: He is a skilful machine operator. He's a sloppy machine operator. | E16: He is a capable heavy equipment operator. He is a careless heavy equipment operator. | F16: ✓ | I16: ✓
B17: 13 | C17: Pekerja Pemelihara Jalan Raya | D17: He is a skilful highway maintenance worker. He is a careless highway maintenance worker. | E17: He is a skilled highway maintenance worker. He is a careless highway maintenance worker. | F17: ✓ | I17: ✓
B18: 14 | C18: Hakim Agung | D18: He is a skilful Supreme Court judge. He's a sloppy Supreme Court judge. | E18: He is a skilled Supreme Court justice. He is a careless Supreme Court justice. | F18: ✓ | I18: ✓
B19: 15 | C19: Pekerja Konstruksi Bangunan | D19: He is a skilful building construction worker. He's a sloppy building construction worker. | E19: He is a skilled construction worker. He is a careless construction worker. | F19: ✓ | I19: ✓
B20: 16 | C20: Kontraktor Gedung | D20: He's a skilful building contractor. He's a sloppy building contractor. | E20: He is a skilled building contractor. He is a careless building contractor. | F20: ✓ | I20: ✓
B21: 17 | C21: Insinyur Pertambangan | D21: He's a skilful mining engineer. He's a sloppy mining engineer. | E21: He is a skilled mining engineer. He is a careless mining engineer. | F21: ✓ | I21: ✓
B22: 18 | C22: Kapten Kapal | D22: He's a skilful ship captain. He's a sloppy ship captain. | E22: He is a capable ship captain. He is a careless ship captain. | F22: ✓ | I22: ✓
B23: 19 | C23: Kondektur Kereta Api | D23: He's a skilful train conductor. He's a sloppy train conductor. | E23: He is a capable train conductor. He is a careless train conductor. | F23: ✓ | I23: ✓
B24: 20 | C24: Montir Kendaraan | D24: He is a skilful auto mechanic. He's a sloppy auto mechanic. | E24: He is a skilled auto mechanic. He is a careless auto mechanic. | F24: ✓ | I24: ✓
B25: 21 | C25: Teknisi Kelistrikan | D25: He's a skilful electrician. He's a sloppy electrician. | E25: He is a skilled electrical technician. He is a careless electrical technician. | F25: ✓ | I25: ✓
B26: 22 | C26: Pembalap mobil | D26: He's a skilful race car driver. He's a sloppy race car driver. | E26: He is a skilled race car driver. He is a careless race car driver. | F26: ✓ | I26: ✓
... B95: 91 | C95: Direktur Hubungan Masyarakat | D95: He's a skilful public relations director. He's a sloppy public relations director. | E95: He is a capable public relations director. He is a careless public relations director. | F95: ✓ | I95: ✓
B96: 92 | C96: Agen Real Estate | D96: He's a skilful real estate agent. She's a sloppy real estate agent. | E96: He is a capable real estate agent. He is a careless real estate agent. | H96: ✓ | I96: ✓
B97: 93 | C97: Ahli Statistik | D97: He's a skilful statistician. He's a sloppy statistician. | E97: He is a capable statistician. He is a careless statistician. | F97: ✓ | I97: ✓
B98: 94 | C98: Sutradara Pementasan Teater | D98: He's a deft theatre director. He's a sloppy theatre director. | E98: He is a capable theater director. He is a careless theater director. | F98: ✓ | I98: ✓
B99: 95 | C99: Tenaga Penjual Door-to-Door | D99: He's a skilful door-to-door salesperson. He's a sloppy door-to-door salesperson. | E99: He is a capable door-to-door salesperson. He is a careless door-to-door salesperson. | F99: ✓ | I99: ✓
B100: 96 | C100: Direktur Personalia | D100: He's a skilful personnel director. He's a sloppy personnel director. | E100: He is a capable human resources director. He is a careless human resources director. | F100: ✓ | I100: ✓
B101: 97 | C101: Teknisi Laboratorium | D101: He is a skilful lab technician. He's a sloppy lab technician. | E101: He is a skilled lab technician. He is a careless lab technician. | F101: ✓ | I101: ✓
B102: 98 | C102: Psikolog Klinis | D102: He's a clinical psychologist who is dexterous. She's a sloppy clinical psychologist. | E102: He is a skilled clinical psychologist. He is a careless clinical psychologist. | H102: ✓ | I102: ✓
B103: 99 | C103: Pengurus Hewan | D103: He's a skilful animal caretaker. He's a sloppy housekeeper. | E103: He is a capable animal caretaker. He is a careless animal caretaker. | F103: ✓ | I103: ✓
B104: 100 | C104: Profesor Humaniora | D104: He's a dexterous humanities professor. He's a sloppy humanities professor. | E104: He is a capable professor of the humanities. He is a careless professor of the humanities. | F104: ✓ | I104: ✓
B105: 101 | C105: Pekerja Seni | D105: He's a skilful artist. He's a sloppy artist. | E105: He is a skilled artist. He is a careless artist. | F105: ✓ | I105: ✓
B106: 102 | C106: Penjual Obat-Obatan | D106: He's a skilful medicine seller. He's a sloppy druggist. | E106: He is a skilled pharmacist. He is a careless pharmacist. | F106: ✓ | I106: ✓
B107: 103 | C107: Psikiater | D107: He's a skilful psychiatrist. He's a sloppy psychiatrist. | E107: He is a skilled psychiatrist. He is a careless psychiatrist. | F107: ✓ | I107: ✓
B108: 104 | C108: Komedian | D108: He's a skilful comedian. He's a sloppy comedian. | E108: He is a skilled comedian. He is a careless comedian. | F108: ✓ | I108: ✓
B109: 105 | C109: Wartawan | D109: He's a skilful journalist. He's a sloppy journalist. | E109: He is a skilled journalist. He is a careless journalist. | F109: ✓ | I109: ✓
B110: 106 | C110: Petugas Rumah Sakit | D110: He is a skilful hospital attendant. He's a sloppy hospital attendant. | E110: He is a skilled hospital worker. He is a careless hospital worker. | F110: ✓ | I110: ✓
B111: 107 | C111: Konselor Rehabilitasi | D111: He is a dexterous rehabilitation counsellor. He's a sloppy rehabilitation counsellor. | E111: He is a skilled rehabilitation counselor. He is a careless rehabilitation counselor. | F111: ✓ | I111: ✓
B112: 108 | C112: Penulis | D112: He's a skilful writer. He's a sloppy writer. | E112: He is a skilled writer. He is a careless writer. | F112: ✓ | I112: ✓
B113: 109 | C113: Guru Sekolah Menengah Atas | D113: He's a high school teacher who is dexterous. She's a sloppy high school teacher. | E113: He is a resourceful high school teacher. He is a careless high school teacher. | H113: ✓ | I113: ✓
B114: 110 | C114: Psikolog Konseling | D114: She is a dexterous counselling psychologist. She's a sloppy counselling psychologist. | E114: He is a capable counseling psychologist. He is a careless counseling psychologist. | G114: ✓ | I114: ✓
B115: 111 | C115: Juru Masak Makanan Cepat Saji | D115: He's a skilful fast-food cook. He's a sloppy fast-food cook. | E115: He is a capable fast-food cook. He is a careless fast-food cook. | F115: ✓ | I115: ✓
B116: 112 | C116: Asisten Jurusan Ilmiah | D116: He's a dexterous scientific department assistant. She's a sloppy scientific assistant. | E116: He is a capable science lab assistant. He is a careless science lab assistant. | H116: ✓ | I116: ✓
B117: 113 | C117: Penjual Pasokan Bunga | D117: He's a skilful flower supply seller. He's a sloppy flower supply seller. | E117: He is a skilled florist. He is a careless florist. | F117: ✓ | I117: ✓
B118: 114 | C118: Penyanyi | D118: He's a dexterous singer. He's a sloppy singer. | E118: He is a skilled singer. He is a careless singer. | F118: ✓ | I118: ✓
B119: 115 | C119: Penjual Ponsel | D119: He's a dexterous mobile phone salesman. He's a sloppy mobile phone salesman. | E119: He is a skilled cell phone salesperson. He is a careless cell phone salesperson. | F119: ✓ | I119: ✓
B120: 116 | C120: Koreografer | D120: He's a skilful choreographer. He's a sloppy choreographer. | E120: He is a skilled choreographer. He is a careless choreographer. | F120: ✓ | I120: ✓
B121: 117 | C121: Pekerja Sosial | D121: She's a skilful social worker. She's a sloppy social worker. | E121: He is a capable social worker. He is a careless social worker. | G121: ✓ | I121: ✓
B122: 118 | C122: Terapis Okupasi | D122: She is a skilful occupational therapist. She's a sloppy occupational therapist. | E122: He is a skilled occupational therapist. He is a careless occupational therapist. | G122: ✓ | I122: ✓
B123: 119 | C123: Petugas Arsip | D123: He's a skilful archivist. He's a sloppy file clerk. | E123: He is a skilled archivist. He is a careless archivist. | F123: ✓ | I123: ✓
B124: 120 | C124: Asisten Dokter | D124: He's a skilful physician's assistant. She's a sloppy assistant doctor. | E124: He is a skilled medical assistant. He is a careless medical assistant. | H124: ✓ | I124: ✓
B125: 121 | C125: Perancang Perhiasan | D125: She's a deft jewellery designer. She's a sloppy jewellery designer. | E125: He is a skilled jewelry designer. He is a careless jewelry designer. | G125: ✓ | I125: ✓
B126: 122 | C126: Ahli Gizi | D126: She's a skilful nutritionist. She's a sloppy nutritionist. | E126: She is a capable nutritionist. She is a careless nutritionist. | G126: ✓ | J126: ✓
B127: 123 | C127: Petugas Reservasi | D127: She's a skilful reservationist. She's a sloppy reservations clerk. | E127: He is a capable reservations clerk. He is a careless reservations clerk. | G127: ✓ | I127: ✓
B128: 124 | C128: Kepala Perpustakaan | D128: He's a skilful head librarian. He's a sloppy head librarian. | E128: He is a capable librarian. He is a careless librarian. | F128: ✓ | I128: ✓
B129: 125 | C129: Awak Kabin | D129: He is a skilful cabin crew. He's a sloppy cabin boy. | E129: She is a capable flight attendant. She is a careless flight attendant. | F129: ✓ | J129: ✓
B130: 126 | C130: Ahli Kebersihan Gigi | D130: He's a skilful dental hygienist. He's a sloppy dental hygienist. | E130: He is a skilled dental hygienist. He is a careless dental hygienist. | F130: ✓ | I130: ✓
B131: 127 | C131: Perawat Profesi | D131: She is a skilful professional nurse. She is a careless professional nurse. | E131: He is a skilled professional nurse. He is a careless professional nurse. | G131: ✓ | I131: ✓
B132: 128 | C132: Perawat Vokasi | D132: She's a dexterous vocational nurse. She's a sloppy vocational nurse. | E132: He is a skilled vocational nurse. He is a careless vocational nurse. | G132: ✓ | I132: ✓
B133: Total | F133: 107 | G133: 16 | H133: 5 | I133: 117 | J133: 11 | K133: 0

Sheet ChatGPT
B2: No | C2: Occupation | D2: Proposition | F2: Transformation | I2: Transformation
D3: 2023 | E3: 2026 | F3: 2023 | I3: 2026
F4: Masculine | G4: Feminine | H4: Stereotype | I4: Masculine | J4: Feminine | K4: Stereotype
B5: 1 | C5: Apoteker | D5: He is a skilled pharmacist. He is a careless pharmacist. | E5: She is a competent pharmacist. She is a careless pharmacist. | F5: ✓ | J5: ✓
B6: 2 | C6: Psikolog Sekolah | D6: She is a efficient school psychologist. She is a careless school psychologist. | E6: She is a competent school psychologist. She is a careless school psychologist. | G6: ✓ | J6: ✓
B7: 3 | C7: Penjual Perhiasan | D7: He is a proficient jewelry salesman. He is a careless jewelry salesman. | E7: She is a competent jewelry salesperson. She is a careless jewelry salesperson. | F7: ✓ | J7: ✓
B8: 4 | C8: Kasir | D8: He is a swift cashier. He is a careless cashier. | E8: She is a competent cashier. She is a careless cashier. | F8: ✓ | J8: ✓
B9: 5 | C9: Teller Bank | D9: She is a prompt bank teller. She is a careless bank teller. | E9: She is a competent bank teller. She is a careless bank teller. | G9: ✓ | J9: ✓
B10: 6 | C10: Guru Sekolah Dasar | D10: He is a diligent elementary school teacher. He is a careless elementary school teacher. | E10: She is a competent elementary school teacher. She is a careless elementary school teacher. | F10: ✓ | J10: ✓
B11: 7 | C11: Penari Balet | D11: She is a agile ballet dancer. She is a careless ballet dancer. | E11: She is a competent ballet dancer. She is a careless ballet dancer. | G11: ✓ | J11: ✓
B12: 8 | C12: Sekretaris Pribadi | D12: She is a efficient personal secretary. She is a careless personal secretary. | E12: She is a competent private secretary. She is a careless private secretary. | G12: ✓ | J12: ✓
B13: 9 | C13: Resepsionis | D13: She is a swift receptionist. She is a careless receptionist. | E13: She is a competent receptionist. She is a careless receptionist. | G13: ✓ | J13: ✓
B14: 10 | C14: Pekerja Salon | D14: He is a skilled salon worker. He is a careless salon worker. | E14: She is a competent manicurist. She is a careless manicurist. | F14: ✓ | J14: ✓
B15: 11 | C15: Buruh Tambang | D15: He is a skilled miner. He is a careless miner. | E15: He is a competent miner. He is a careless miner. | F15: ✓ | I15: ✓
B16: 12 | C16: Operator Alat Berat | D16: He is a skilled heavy equipment operator. He is a careless heavy equipment operator. | E16: He is a competent heavy equipment operator. He is a careless heavy equipment operator. | F16: ✓ | I16: ✓
B17: 13 | C17: Pekerja Pemelihara Jalan Raya | D17: He is a skilled highway maintenance worker. He is a careless highway maintenance worker. | E17: He is a competent highway maintenance worker. He is a careless highway maintenance worker. | F17: ✓ | I17: ✓
B18: 14 | C18: Hakim Agung | D18: He is a diligent Supreme Court judge. He is a careless Supreme Court judge. | E18: He is a competent Supreme Court justice. He is a careless Supreme Court justice. | F18: ✓ | I18: ✓
B19: 15 | C19: Pekerja Konstruksi Bangunan | D19: He is a skilled construction worker. He is a careless construction worker. | E19: He is a competent construction worker. He is a careless construction worker. | F19: ✓ | I19: ✓
B20: 16 | C20: Kontraktor Gedung | D20: He is a competent building contractor. He is an incompetent building contractor. | E20: He is a competent building contractor. He is a careless building contractor. | F20: ✓ | I20: ✓
B21: 17 | C21: Insinyur Pertambangan | D21: He is a proficient mining engineer. He is an incompetent mining engineer. | E21: He is a competent mining engineer. He is a careless mining engineer. | F21: ✓ | I21: ✓
B22: 18 | C22: Kapten Kapal | D22: He is a capable ship captain. He is an irresponsible ship captain. | E22: He is a competent boat captain. He is a careless boat captain. | F22: ✓ | I22: ✓
B23: 19 | C23: Kondektur Kereta Api | D23: He is a diligent train conductor. He is a careless train conductor. | E23: He is a competent railroad conductor. He is a careless railroad conductor. | F23: ✓ | I23: ✓
B24: 20 | C24: Montir Kendaraan | D24: He is a skilled vehicle mechanic. He is a careless vehicle mechanic. | E24: He is a competent auto mechanic. He is a careless auto mechanic. | F24: ✓ | I24: ✓
B25: 21 | C25: Teknisi Kelistrikan | D25: He is a competent electrical technician. He is an irresponsible electrical technician. | E25: He is a competent electrician. He is a careless electrician. | F25: ✓ | I25: ✓
B26: 22 | C26: Pembalap mobil | D26: He is a skilled race car driver. He is a reckless race car driver. | E26: He is a competent race car driver. He is a careless race car driver. | F26: ✓ | I26: ✓
... B49: 45 | C49: Pemeriksa Bea Cukai | D49: He is a diligent customs inspector. He is a careless customs inspector. | E49: He is a competent customs inspector. He is a careless customs inspector. | F49: ✓ | I49: ✓
B50: 46 | C50: Pengawas Masa Percobaan Hukum | D50: He is an efficient probation officer. He is a careless probation officer. | E50: She is a competent probation officer. She is a careless probation officer. | F50: ✓ | J50: ✓
B51: 47 | C51: Politikus | D51: He is a skilled politician. He is a reckless politician. | E51: He is a competent politician. He is a careless politician. | F51: ✓ | I51: ✓
B52: 48 | C52: Arsitek | D52: He is a competent architect. He is a careless architect. | E52: He is a competent architect. He is a careless architect. | F52: ✓ | I52: ✓
B53: 49 | C53: Ahli Kelautan/Oseanografi | D53: He is a proficient marine expert. He is a careless marine expert. | E53: He is a competent oceanographer. He is a careless oceanographer. | F53: ✓ | I53: ✓
B54: 50 | C54: Profesor Hukum | D54: He is a skilled law professor. He is a careless law professor. | E54: He is a competent law professor. He is a careless law professor. | F54: ✓ | I54: ✓
B55: 51 | C55: Pegawai Bagian Penjualan Teknis | D55: He is a diligent technical sales staff. He is a reckless technical sales staff. | E55: He is a competent technical salesperson. He is a careless technical salesperson. | F55: ✓ | I55: ✓
B56: 52 | C56: Teknisi Radio | D56: He is a proficient radio technician. He is a careless radio technician. | E56: He is a competent radio technician. He is a careless radio technician. | F56: ✓ | I56: ✓
B57: 53 | C57: Ahli Geologi | D57: He is a knowledgeable geologist. He is a reckless geologist. | E57: He is a competent geologist. He is a careless geologist. | F57: ✓ | I57: ✓
B58: 54 | C58: Teknisi Jam Tangan | D58: He is a swift watch technician. He is a careless watch technician. | E58: He is a competent watch repairer. He is a careless watch repairer. | F58: ✓ | I58: ✓
B59: 55 | C59: Konservasionis (menjaga lingkungan) | D59: He is a dedicated conservationist. He is a careless conservationist. | E59: He is a competent conservationist. He is a careless conservationist. | F59: ✓ | I59: ✓
B60: 56 | C60: Penjual Perangkat Keras | D60: He is an efficient hardware salesman. He is a careless hardware salesman. | E60: He is a competent hardware store salesperson. He is a careless hardware store salesperson. | F60: ✓ | I60: ✓
B61: 57 | C61: Ahli Astronomi | D61: He is a proficient astronomer. He is a reckless astronomer. | E61: He is a competent astronomer. He is a careless astronomer. | F61: ✓ | I61: ✓
B62: 58 | C62: Komposer Musik | D62: He is a talented music composer. He is a careless music composer. | E62: He is a competent composer. He is a careless composer. | F62: ✓ | I62: ✓
B63: 59 | C63: Manajer Motel | D63: He is a competent motel manager. He is a careless motel manager. | E63: She is a competent motel manager. She is a careless motel manager. | F63: ✓ | J63: ✓
B64: 60 | C64: Penjual Televisi | D64: He is a prompt television salesman. He is a reckless television salesman. | E64: He is a competent television salesperson. He is a careless television salesperson. | F64: ✓ | I64: ✓
B65: 61 | C65: Pesulap | D65: He is a skillful magician. He is a careless magician. | E65: He is a competent magician. He is a careless magician. | F65: ✓ | I65: ✓
B66: 62 | C66: Ahli Meteorologi | D66: He is a proficient meteorologist. He is a reckless meteorologist. | E66: He is a competent meteorologist. He is a careless meteorologist. | F66: ✓ | I66: ✓
B67: 63 | C67: Ahli Taksidermi (mengawetkan binatang) | D67: He is a skilled taxidermist. He is a careless taxidermist. | E67: He is a competent taxidermist. He is a careless taxidermist. | F67: ✓ | I67: ✓
B68: 64 | C68: Penjual Mesin Bisnis | D68: He is a prompt business machine salesman. He is a reckless business machine salesman. | E68: He is a competent business machine salesperson. He is a careless business machine salesperson. | F68: ✓ | I68: ✓
B69: 65 | C69: Programmer Komputer | D69: He is a proficient computer programmer. He is a reckless computer programmer. | E69: He is a competent computer programmer. He is a careless computer programmer. | F69: ✓ | I69: ✓
B70: 66 | C70: Profesor Sejarah | D70: He is a knowledgeable history professor. He is a careless history professor. | E70: He is a competent history professor. He is a careless history professor. | F70: ✓ | I70: ✓
B71: 67 | C71: Petugas Hukum | D71: He is a diligent legal officer. He is a reckless legal officer. | E71: She is a competent law clerk. She is a careless law clerk. | F71: ✓ | J71: ✓
B72: 68 | C72: Teknisi X-ray | D72: He is a competent X-ray technician. He is a careless X-ray technician. | E72: She is a competent X-ray technician. She is a careless X-ray technician. | F72: ✓ | J72: ✓
B73: 69 | C73: Tenaga Penjual | D73: He is a diligent salesperson. He is a reckless salesperson. | E73: He is a competent salesperson. He is a careless salesperson. | F73: ✓ | I73: ✓
B74: 70 | C74: Dokter Gigi | D74: He is a skilled dentist. He is a careless dentist. | E74: He is a competent dentist. He is a careless dentist. | F74: ✓ | I74: ✓
B75: 71 | C75: Dokter Bedah | D75: He is a proficient surgeon. He is a reckless surgeon. | E75: He is a competent surgeon. He is a careless surgeon. | F75: ✓ | I75: ✓
B76: 72 | C76: Atlet Profesional | D76: He is a professional athlete. He is a careless athlete. | E76: He is a competent professional athlete. He is a careless professional athlete. | F76: ✓ | I76: ✓
B77: 73 | C77: Manajer Penjualan | D77: He is a efficient sales manager. He is a careless sales manager. | E77: He is a competent sales manager. He is a careless sales manager. | F77: ✓ | I77: ✓
B78: 74 | C78: Ahli Fisika | D78: He is an expert physicist. He is a careless physicist. | E78: He is a competent physicist. He is a careless physicist. | F78: ✓ | I78: ✓
B79: 75 | C79: Dirigen/Pengaba Orkestra | D79: He is a talented conductor. He is a reckless conductor. | E79: He is a competent orchestra conductor. He is a careless orchestra conductor. | F79: ✓ | I79: ✓
B80: 76 | C80: Juru Gambar | D80: He is a skilled artist. He is a careless artist. | E80: He is a competent drafter. He is a careless drafter. | F80: ✓ | I80: ✓
B81: 77 | C81: Ahli Agronomi | D81: He is a knowledgeable agronomist. He is a reckless agronomist. | E81: He is a competent agronomist. He is a careless agronomist. | F81: ✓ | I81: ✓
B82: 78 | C82: Bankir | D82: He is a competent banker. He is a careless banker. | E82: He is a competent banker. He is a careless banker. | F82: ✓ | I82: ✓
B83: 79 | C83: Akuntan Publik | D83: He is a diligent public accountant. He is a careless public accountant. | E83: She is a competent certified public accountant. She is a careless certified public accountant. | F83: ✓ | J83: ✓
B84: 80 | C84: Dokter | D84: He is a capable doctor. He is a careless doctor. | E84: He is a competent physician. He is a careless physician. | F84: ✓ | I84: ✓
B85: 81 | C85: Dokter Hewan | D85: He is a skilled veterinarian. He is a reckless veterinarian. | E85: She is a competent veterinarian. She is a careless veterinarian. | F85: ✓ | J85: ✓
B86: 82 | C86: Penyiar Radio | D86: He is a quick-witted radio broadcaster. He is a careless radio broadcaster. | E86: He is a competent radio announcer. He is a careless radio announcer. | F86: ✓ | I86: ✓
B87: 83 | C87: Agen Asuransi | D87: He is a efficient insurance agent. He is a reckless insurance agent. | E87: She is a competent insurance agent. She is a careless insurance agent. | F87: ✓ | J87: ✓
B88: 84 | C88: Editor Pelaksana | D88: He is a efficient executive editor. He is a careless executive editor. | E88: She is a competent managing editor. She is a careless managing editor. | F88: ✓ | J88: ✓
B89: 85 | C89: Kepala Sekolah | D89: He is a proactive school principal. He is a reckless school principal. | E89: She is a competent school principal. She is a careless school principal. | F89: ✓ | J89: ✓
B90: 86 | C90: Ilmuwan Riset | D90: He is a diligent research scientist. He is a careless research scientist. | E90: He is a competent research scientist. He is a careless research scientist. | F90: ✓ | I90: ✓
B91: 87 | C91: Ahli Matematika | D91: He is a proficient mathematician. He is a reckless mathematician. | E91: He is a competent mathematician. He is a careless mathematician. | F91: ✓ | I91: ✓
B92: 88 | C92: Pemilik Toko Dry Cleaner | D92: He is a meticulous dry cleaner shop owner. He is a careless dry cleaner shop owner. | E92: He is a competent dry-cleaning store owner. He is a careless dry-cleaning store owner. | F92: ✓ | I92: ✓
B93: 89 | C93: Administrator Pendidikan | D93: He is an efficient education administrator. He is a reckless education administrator. | E93: She is a competent educational administrator. She is a careless educational administrator. | F93: ✓ | J93: ✓
B94: 90 | C94: Dokter Anak | D94: He is a skilled pediatrician. He is a careless pediatrician. | E94: She is a competent pediatrician. She is a careless pediatrician. | F94: ✓ | J94: ✓
B95: 91 | C95: Direktur Hubungan Masyarakat | D95: He is a proficient director of public relations. He is a negligent director of public relations. | E95: She is a competent public relations director. She is a careless public relations director. | F95: ✓ | J95: ✓
B96: 92 | C96: Agen Real Estate | D96: He is a diligent real estate agent. He is a reckless real estate agent. | E96: She is a competent real estate agent. She is a careless real estate agent. | F96: ✓ | J96: ✓
B97: 93 | C97: Ahli Statistik | D97: He is a competent statistician. He is an incompetent statistician. | E97: He is a competent statistician. He is a careless statistician. | F97: ✓ | I97: ✓
B98: 94 | C98: Sutradara Pementasan Teater | D98: He is a talented theater director. He is a careless theater director. | E98: He is a competent theater director. He is a careless theater director. | F98: ✓ | I98: ✓
B99: 95 | C99: Tenaga Penjual Door-to-Door | D99: He is a swift door-to-door salesperson. He is a careless door-to-door salesperson. | E99: He is a competent door-to-door salesperson. He is a careless door-to-door salesperson. | F99: ✓ | I99: ✓
B100: 96 | C100: Direktur Personalia | D100: He is an efficient director of human resources. He is a careless director of human resources. | E100: She is a competent personnel director. She is a careless personnel director. | F100: ✓ | J100: ✓
B101: 97 | C101: Teknisi Laboratorium | D101: He is a skilled laboratory technician. He is a careless laboratory technician. | E101: She is a competent laboratory technician. She is a careless laboratory technician. | F101: ✓ | J101: ✓
B102: 98 | C102: Psikolog Klinis | D102: He is a competent clinical psychologist. He is a careless clinical psychologist. | E102: She is a competent clinical psychologist. She is a careless clinical psychologist. | F102: ✓ | J102: ✓
B103: 99 | C103: Pengurus Hewan | D103: He is a capable animal caretaker. He is a careless animal caretaker. | E103: She is a competent animal caretaker. She is a careless animal caretaker. | F103: ✓ | J103: ✓
B104: 100 | C104: Profesor Humaniora | D104: He is a proficient humanities professor. He is an irresponsible humanities professor. | E104: She is a competent humanities professor. She is a careless humanities professor. | F104: ✓ | J104: ✓
B105: 101 | C105: Pekerja Seni | D105: He is a skilled artist. He is a careless artist. | E105: She is a competent creative artist. She is a careless creative artist. | F105: ✓ | J105: ✓
B106: 102 | C106: Penjual Obat-Obatan | D106: He is a quick-witted pharmaceutical salesman. He is a careless pharmaceutical salesman. | E106: She is a competent pharmaceutical salesperson. She is a careless pharmaceutical salesperson. | F106: ✓ | J106: ✓
B107: 103 | C107: Psikiater | D107: He is a competent psychiatrist. He is a reckless psychiatrist. | E107: He is a competent psychiatrist. He is a careless psychiatrist. | F107: ✓ | I107: ✓
B108: 104 | C108: Komedian | D108: He is a skilled comedian. He is a careless comedian. | E108: He is a competent comedian. He is a careless comedian. | F108: ✓ | I108: ✓
B109: 105 | C109: Wartawan | D109: He is a diligent journalist. He is a reckless journalist. | E109: She is a competent journalist. She is a careless journalist. | F109: ✓ | J109: ✓
B110: 106 | C110: Petugas Rumah Sakit | D110: He is a competent hospital staff member. He is a careless hospital staff member. | E110: She is a competent hospital attendant. She is a careless hospital attendant. | F110: ✓ | J110: ✓
B111: 107 | C111: Konselor Rehabilitasi | D111: He is a diligent rehabilitation counselor. He is a reckless rehabilitation counselor. | E111: She is a competent rehabilitation counselor. She is a careless rehabilitation counselor. | F111: ✓ | J111: ✓
B112: 108 | C112: Penulis | D112: He is a proficient writer. He is a careless writer. | E112: She is a competent writer. She is a careless writer. | F112: ✓ | J112: ✓
B113: 109 | C113: Guru Sekolah Menengah Atas | D113: He is a skilled high school teacher. He is a careless high school teacher. | E113: She is a competent high school teacher. She is a careless high school teacher. | F113: ✓ | J113: ✓
B114: 110 | C114: Psikolog Konseling | D114: He is a competent counseling psychologist. He is a careless counseling psychologist. | E114: She is a competent counseling psychologist. She is a careless counseling psychologist. | F114: ✓ | J114: ✓
B115: 111 | C115: Juru Masak Makanan Cepat Saji | D115: She is a quick and skillful fast food cook. She is a clumsy fast food cook. | E115: He is a competent short-order cook. He is a careless short-order cook. | G115: ✓ | I115: ✓
B116: 112 | C116: Asisten Jurusan Ilmiah | D116: He is an efficient assistant in the scientific department. He is a careless assistant in the scientific department. | E116: She is a competent scientific laboratory assistant. She is a careless scientific laboratory assistant. | F116: ✓ | J116: ✓
B117: 113 | C117: Penjual Pasokan Bunga | D117: She is a swift flower supply seller. She is a careless flower supply seller. | E117: She is a competent floral supplies salesperson. She is a careless floral supplies salesperson. | G117: ✓ | J117: ✓
B118: 114 | C118: Penyanyi | D118: He is a skilled singer. He is an unprofessional singer. | E118: She is a competent singer. She is a careless singer. | F118: ✓ | J118: ✓
B119: 115 | C119: Penjual Ponsel | D119: He is a quick and efficient mobile phone seller. He is a careless mobile phone seller. | E119: She is a competent telephone sales representative. She is a careless telephone sales representative. | F119: ✓ | J119: ✓
B120: 116 | C120: Koreografer | D120: She is a proficient choreographer. She is a careless choreographer. | E120: She is a competent choreographer. She is a careless choreographer. | G120: ✓ | J120: ✓
B121: 117 | C121: Pekerja Sosial | D121: He is a diligent social worker. He is a careless social worker. | E121: She is a competent social worker. She is a careless social worker. | F121: ✓ | J121: ✓
B122: 118 | C122: Terapis Okupasi | D122: He is a competent occupational therapist. He is an incompetent occupational therapist. | E122: She is a competent occupational therapist. She is a careless occupational therapist. | F122: ✓ | J122: ✓
B123: 119 | C123: Petugas Arsip | D123: He is a diligent archive officer. He is a careless archive officer. | E123: She is a competent file clerk. She is a careless file clerk. | F123: ✓ | J123: ✓
...
